qid,docno,score,rank,query
0,4957,4.53125,1,digitaler schutz
0,5070,3.107421875,2,digitaler schutz
0,4753,2.87109375,3,digitaler schutz
0,2875,2.359375,4,digitaler schutz
0,3092,1.9443359375,5,digitaler schutz
0,3088,1.880859375,6,digitaler schutz
0,4952,1.6533203125,7,digitaler schutz
0,5157,1.642578125,8,digitaler schutz
0,2856,1.63671875,9,digitaler schutz
0,2832,1.609375,10,digitaler schutz
0,3087,1.60546875,11,digitaler schutz
0,4955,1.376953125,12,digitaler schutz
0,2835,1.2841796875,13,digitaler schutz
0,2922,1.1494140625,14,digitaler schutz
0,3405,1.1123046875,15,digitaler schutz
0,3089,1.05859375,16,digitaler schutz
0,3162,1.048828125,17,digitaler schutz
0,5043,0.86767578125,18,digitaler schutz
0,2861,0.81494140625,19,digitaler schutz
0,4408,0.74755859375,20,digitaler schutz
0,3850,0.64111328125,21,digitaler schutz
0,5073,0.62939453125,22,digitaler schutz
0,5517,0.50732421875,23,digitaler schutz
0,2878,0.416748046875,24,digitaler schutz
0,5165,0.34521484375,25,digitaler schutz
0,2858,0.26611328125,26,digitaler schutz
0,5076,0.2376708984375,27,digitaler schutz
0,3847,0.23095703125,28,digitaler schutz
0,4571,0.194091796875,29,digitaler schutz
0,4819,0.1322021484375,30,digitaler schutz
0,5020,0.07635498046875,31,digitaler schutz
0,5035,0.027099609375,32,digitaler schutz
0,5011,0.0243072509765625,33,digitaler schutz
0,3085,-0.056304931640625,34,digitaler schutz
0,3232,-0.069580078125,35,digitaler schutz
0,3768,-0.175048828125,36,digitaler schutz
0,5061,-0.20751953125,37,digitaler schutz
0,5002,-0.239990234375,38,digitaler schutz
0,5077,-0.249755859375,39,digitaler schutz
0,2855,-0.28662109375,40,digitaler schutz
0,4762,-0.294677734375,41,digitaler schutz
0,4757,-0.311279296875,42,digitaler schutz
0,3153,-0.3720703125,43,digitaler schutz
0,3849,-0.4501953125,44,digitaler schutz
0,4409,-0.478271484375,45,digitaler schutz
0,2857,-0.48046875,46,digitaler schutz
0,4756,-0.50830078125,47,digitaler schutz
0,3848,-0.57568359375,48,digitaler schutz
0,4434,-0.62939453125,49,digitaler schutz
0,5009,-0.685546875,50,digitaler schutz
0,2921,-0.69921875,51,digitaler schutz
0,3091,-0.74462890625,52,digitaler schutz
0,4263,-0.7578125,53,digitaler schutz
0,5079,-0.7734375,54,digitaler schutz
0,3157,-0.78076171875,55,digitaler schutz
0,3800,-0.78369140625,56,digitaler schutz
0,5427,-0.79248046875,57,digitaler schutz
0,5494,-0.80224609375,58,digitaler schutz
0,5072,-0.84716796875,59,digitaler schutz
0,3846,-0.93505859375,60,digitaler schutz
0,5075,-0.935546875,61,digitaler schutz
0,2879,-0.9541015625,62,digitaler schutz
0,4410,-0.9814453125,63,digitaler schutz
0,5005,-1.0263671875,64,digitaler schutz
0,4407,-1.0576171875,65,digitaler schutz
0,5012,-1.0986328125,66,digitaler schutz
0,5015,-1.125,67,digitaler schutz
0,2882,-1.1708984375,68,digitaler schutz
0,3851,-1.1982421875,69,digitaler schutz
0,4260,-1.2431640625,70,digitaler schutz
0,5430,-1.267578125,71,digitaler schutz
0,5080,-1.3642578125,72,digitaler schutz
0,5018,-1.369140625,73,digitaler schutz
0,5064,-1.4306640625,74,digitaler schutz
0,5101,-1.5048828125,75,digitaler schutz
0,3766,-1.5986328125,76,digitaler schutz
0,5097,-1.75,77,digitaler schutz
0,4750,-1.7587890625,78,digitaler schutz
0,5007,-1.8125,79,digitaler schutz
0,4647,-1.8369140625,80,digitaler schutz
0,4261,-1.83984375,81,digitaler schutz
0,5098,-1.8740234375,82,digitaler schutz
0,5103,-1.9384765625,83,digitaler schutz
0,5431,-1.966796875,84,digitaler schutz
0,3629,-1.994140625,85,digitaler schutz
0,5034,-2.046875,86,digitaler schutz
0,5112,-2.095703125,87,digitaler schutz
0,5099,-2.25,88,digitaler schutz
0,5106,-2.291015625,89,digitaler schutz
0,5102,-2.310546875,90,digitaler schutz
0,2881,-2.392578125,91,digitaler schutz
0,5104,-2.490234375,92,digitaler schutz
0,5066,-2.50390625,93,digitaler schutz
0,5105,-2.529296875,94,digitaler schutz
0,5434,-2.552734375,95,digitaler schutz
0,3069,-2.73046875,96,digitaler schutz
0,2919,-2.794921875,97,digitaler schutz
0,5100,-2.912109375,98,digitaler schutz
0,4565,-3.03125,99,digitaler schutz
0,5193,-3.060546875,100,digitaler schutz
1,4640,3.673828125,1,einfache datenanalyse
1,4651,3.181640625,2,einfache datenanalyse
1,4652,3.0859375,3,einfache datenanalyse
1,4258,3.021484375,4,einfache datenanalyse
1,4267,2.83984375,5,einfache datenanalyse
1,4641,2.458984375,6,einfache datenanalyse
1,5439,2.349609375,7,einfache datenanalyse
1,2910,2.052734375,8,einfache datenanalyse
1,5096,2.033203125,9,einfache datenanalyse
1,4647,2.001953125,10,einfache datenanalyse
1,5429,1.9697265625,11,einfache datenanalyse
1,4261,1.921875,12,einfache datenanalyse
1,2859,1.787109375,13,einfache datenanalyse
1,4648,1.705078125,14,einfache datenanalyse
1,4301,1.67578125,15,einfache datenanalyse
1,4650,1.55078125,16,einfache datenanalyse
1,5433,1.283203125,17,einfache datenanalyse
1,5442,1.275390625,18,einfache datenanalyse
1,5427,1.26171875,19,einfache datenanalyse
1,4644,1.259765625,20,einfache datenanalyse
1,4688,1.2490234375,21,einfache datenanalyse
1,5436,1.08984375,22,einfache datenanalyse
1,4645,1.08203125,23,einfache datenanalyse
1,2820,1.0556640625,24,einfache datenanalyse
1,4646,1.044921875,25,einfache datenanalyse
1,4266,1.01171875,26,einfache datenanalyse
1,4262,1.0078125,27,einfache datenanalyse
1,4294,0.9814453125,28,einfache datenanalyse
1,2907,0.8896484375,29,einfache datenanalyse
1,3006,0.8837890625,30,einfache datenanalyse
1,5428,0.77294921875,31,einfache datenanalyse
1,2899,0.77099609375,32,einfache datenanalyse
1,3199,0.697265625,33,einfache datenanalyse
1,5105,0.6708984375,34,einfache datenanalyse
1,4696,0.62939453125,35,einfache datenanalyse
1,4257,0.58349609375,36,einfache datenanalyse
1,5431,0.5380859375,37,einfache datenanalyse
1,4701,0.505859375,38,einfache datenanalyse
1,4690,0.50439453125,39,einfache datenanalyse
1,5440,0.48876953125,40,einfache datenanalyse
1,5430,0.476806640625,41,einfache datenanalyse
1,4684,0.435546875,42,einfache datenanalyse
1,5621,0.423583984375,43,einfache datenanalyse
1,4859,0.420654296875,44,einfache datenanalyse
1,3005,0.415771484375,45,einfache datenanalyse
1,3003,0.41552734375,46,einfache datenanalyse
1,4643,0.41259765625,47,einfache datenanalyse
1,4297,0.4111328125,48,einfache datenanalyse
1,4873,0.38818359375,49,einfache datenanalyse
1,5101,0.363037109375,50,einfache datenanalyse
1,4685,0.35986328125,51,einfache datenanalyse
1,3010,0.357666015625,52,einfache datenanalyse
1,4178,0.3134765625,53,einfache datenanalyse
1,3637,0.3076171875,54,einfache datenanalyse
1,5100,0.2218017578125,55,einfache datenanalyse
1,3011,0.202392578125,56,einfache datenanalyse
1,3008,0.1669921875,57,einfache datenanalyse
1,5432,0.10888671875,58,einfache datenanalyse
1,4269,0.032562255859375,59,einfache datenanalyse
1,3911,0.0273284912109375,60,einfache datenanalyse
1,4697,-0.0127105712890625,61,einfache datenanalyse
1,4296,-0.01568603515625,62,einfache datenanalyse
1,2822,-0.087646484375,63,einfache datenanalyse
1,5368,-0.1011962890625,64,einfache datenanalyse
1,4384,-0.135498046875,65,einfache datenanalyse
1,5388,-0.196533203125,66,einfache datenanalyse
1,4305,-0.198486328125,67,einfache datenanalyse
1,5381,-0.2142333984375,68,einfache datenanalyse
1,5099,-0.269287109375,69,einfache datenanalyse
1,4185,-0.329345703125,70,einfache datenanalyse
1,5386,-0.359130859375,71,einfache datenanalyse
1,5444,-0.36279296875,72,einfache datenanalyse
1,2860,-0.365234375,73,einfache datenanalyse
1,4292,-0.3759765625,74,einfache datenanalyse
1,5098,-0.389404296875,75,einfache datenanalyse
1,4298,-0.41162109375,76,einfache datenanalyse
1,4303,-0.447998046875,77,einfache datenanalyse
1,3007,-0.463623046875,78,einfache datenanalyse
1,5437,-0.46875,79,einfache datenanalyse
1,5104,-0.56298828125,80,einfache datenanalyse
1,4182,-0.69140625,81,einfache datenanalyse
1,5438,-0.73095703125,82,einfache datenanalyse
1,4299,-0.7705078125,83,einfache datenanalyse
1,4693,-0.77294921875,84,einfache datenanalyse
1,4306,-0.78125,85,einfache datenanalyse
1,4304,-0.81103515625,86,einfache datenanalyse
1,3525,-0.88671875,87,einfache datenanalyse
1,4791,-0.91796875,88,einfache datenanalyse
1,5435,-1.029296875,89,einfache datenanalyse
1,5389,-1.1123046875,90,einfache datenanalyse
1,4694,-1.1513671875,91,einfache datenanalyse
1,4649,-1.2021484375,92,einfache datenanalyse
1,5387,-1.2822265625,93,einfache datenanalyse
1,4186,-1.3671875,94,einfache datenanalyse
1,5434,-1.5859375,95,einfache datenanalyse
1,4121,-1.6904296875,96,einfache datenanalyse
1,3324,-1.935546875,97,einfache datenanalyse
1,4687,-2.244140625,98,einfache datenanalyse
1,2905,-2.740234375,99,einfache datenanalyse
1,4700,-3.154296875,100,einfache datenanalyse
2,2895,6.03515625,1,kernelemente der unternehmensführung
2,5600,5.08984375,2,kernelemente der unternehmensführung
2,4673,4.921875,3,kernelemente der unternehmensführung
2,4674,4.8203125,4,kernelemente der unternehmensführung
2,5601,4.453125,5,kernelemente der unternehmensführung
2,5585,4.046875,6,kernelemente der unternehmensführung
2,3782,4.00390625,7,kernelemente der unternehmensführung
2,4675,3.896484375,8,kernelemente der unternehmensführung
2,5391,3.658203125,9,kernelemente der unternehmensführung
2,5599,3.556640625,10,kernelemente der unternehmensführung
2,5581,3.4140625,11,kernelemente der unternehmensführung
2,2898,3.41015625,12,kernelemente der unternehmensführung
2,4388,3.34765625,13,kernelemente der unternehmensführung
2,3536,3.224609375,14,kernelemente der unternehmensführung
2,4682,3.08203125,15,kernelemente der unternehmensführung
2,3549,3.080078125,16,kernelemente der unternehmensführung
2,5504,3.033203125,17,kernelemente der unternehmensführung
2,5082,3.025390625,18,kernelemente der unternehmensführung
2,3592,2.9453125,19,kernelemente der unternehmensführung
2,5505,2.896484375,20,kernelemente der unternehmensführung
2,5594,2.419921875,21,kernelemente der unternehmensführung
2,5584,2.361328125,22,kernelemente der unternehmensführung
2,5506,2.26953125,23,kernelemente der unternehmensführung
2,5081,2.138671875,24,kernelemente der unternehmensführung
2,5393,1.9765625,25,kernelemente der unternehmensführung
2,4680,1.91015625,26,kernelemente der unternehmensführung
2,5512,1.8544921875,27,kernelemente der unternehmensführung
2,3844,1.7548828125,28,kernelemente der unternehmensführung
2,5596,1.5546875,29,kernelemente der unternehmensführung
2,4679,1.5068359375,30,kernelemente der unternehmensführung
2,3845,1.3642578125,31,kernelemente der unternehmensführung
2,5392,1.3232421875,32,kernelemente der unternehmensführung
2,5510,1.267578125,33,kernelemente der unternehmensführung
2,5593,1.2060546875,34,kernelemente der unternehmensführung
2,5511,0.90966796875,35,kernelemente der unternehmensführung
2,5398,0.89697265625,36,kernelemente der unternehmensführung
2,5503,0.8779296875,37,kernelemente der unternehmensführung
2,3533,0.84716796875,38,kernelemente der unternehmensführung
2,5329,0.818359375,39,kernelemente der unternehmensführung
2,3841,0.7998046875,40,kernelemente der unternehmensführung
2,4376,0.708984375,41,kernelemente der unternehmensführung
2,5301,0.59326171875,42,kernelemente der unternehmensführung
2,3836,0.58642578125,43,kernelemente der unternehmensführung
2,4271,0.556640625,44,kernelemente der unternehmensführung
2,3554,0.54833984375,45,kernelemente der unternehmensführung
2,4081,0.5283203125,46,kernelemente der unternehmensführung
2,4400,0.472900390625,47,kernelemente der unternehmensführung
2,4681,0.4658203125,48,kernelemente der unternehmensführung
2,5291,0.429443359375,49,kernelemente der unternehmensführung
2,3780,0.367431640625,50,kernelemente der unternehmensführung
2,5610,0.366943359375,51,kernelemente der unternehmensführung
2,4589,0.359375,52,kernelemente der unternehmensführung
2,4592,0.280029296875,53,kernelemente der unternehmensführung
2,3839,0.273681640625,54,kernelemente der unternehmensführung
2,3548,0.2139892578125,55,kernelemente der unternehmensführung
2,3570,0.1436767578125,56,kernelemente der unternehmensführung
2,3722,0.07049560546875,57,kernelemente der unternehmensführung
2,3147,0.05224609375,58,kernelemente der unternehmensführung
2,5602,0.035064697265625,59,kernelemente der unternehmensführung
2,3775,0.0219268798828125,60,kernelemente der unternehmensführung
2,4318,-0.020233154296875,61,kernelemente der unternehmensführung
2,3070,-0.022003173828125,62,kernelemente der unternehmensführung
2,5300,-0.057098388671875,63,kernelemente der unternehmensführung
2,3563,-0.059356689453125,64,kernelemente der unternehmensführung
2,5513,-0.090087890625,65,kernelemente der unternehmensführung
2,4586,-0.09197998046875,66,kernelemente der unternehmensführung
2,5198,-0.09783935546875,67,kernelemente der unternehmensführung
2,5271,-0.120849609375,68,kernelemente der unternehmensführung
2,4591,-0.1253662109375,69,kernelemente der unternehmensführung
2,3572,-0.1287841796875,70,kernelemente der unternehmensführung
2,3146,-0.13232421875,71,kernelemente der unternehmensführung
2,4365,-0.1619873046875,72,kernelemente der unternehmensführung
2,4588,-0.219482421875,73,kernelemente der unternehmensführung
2,3067,-0.2396240234375,74,kernelemente der unternehmensführung
2,5516,-0.252685546875,75,kernelemente der unternehmensführung
2,4676,-0.30322265625,76,kernelemente der unternehmensführung
2,4461,-0.31787109375,77,kernelemente der unternehmensführung
2,4398,-0.350830078125,78,kernelemente der unternehmensführung
2,4590,-0.361328125,79,kernelemente der unternehmensführung
2,4403,-0.37548828125,80,kernelemente der unternehmensführung
2,5611,-0.39453125,81,kernelemente der unternehmensführung
2,4510,-0.397705078125,82,kernelemente der unternehmensführung
2,5605,-0.450439453125,83,kernelemente der unternehmensführung
2,4505,-0.4599609375,84,kernelemente der unternehmensführung
2,4389,-0.498046875,85,kernelemente der unternehmensführung
2,5331,-0.50146484375,86,kernelemente der unternehmensführung
2,2850,-0.54052734375,87,kernelemente der unternehmensführung
2,3558,-0.61572265625,88,kernelemente der unternehmensführung
2,3545,-0.73486328125,89,kernelemente der unternehmensführung
2,3148,-0.79443359375,90,kernelemente der unternehmensführung
2,3596,-0.9619140625,91,kernelemente der unternehmensführung
2,5517,-1.0087890625,92,kernelemente der unternehmensführung
2,5273,-1.08984375,93,kernelemente der unternehmensführung
2,3534,-1.12109375,94,kernelemente der unternehmensführung
2,5204,-1.1328125,95,kernelemente der unternehmensführung
2,4462,-1.185546875,96,kernelemente der unternehmensführung
2,3379,-1.353515625,97,kernelemente der unternehmensführung
2,4082,-1.505859375,98,kernelemente der unternehmensführung
2,5514,-1.7109375,99,kernelemente der unternehmensführung
2,3765,-1.822265625,100,kernelemente der unternehmensführung
3,3376,2.017578125,1,ökonomische kenntnisse
3,3726,1.876953125,2,ökonomische kenntnisse
3,3759,1.0849609375,3,ökonomische kenntnisse
3,5145,0.7802734375,4,ökonomische kenntnisse
3,3843,0.52880859375,5,ökonomische kenntnisse
3,4132,0.4423828125,6,ökonomische kenntnisse
3,4323,0.4345703125,7,ökonomische kenntnisse
3,4564,0.356689453125,8,ökonomische kenntnisse
3,4282,0.261474609375,9,ökonomische kenntnisse
3,4320,0.1356201171875,10,ökonomische kenntnisse
3,3747,0.1075439453125,11,ökonomische kenntnisse
3,5229,0.0960693359375,12,ökonomische kenntnisse
3,5426,0.06121826171875,13,ökonomische kenntnisse
3,2980,0.05902099609375,14,ökonomische kenntnisse
3,2955,-0.0104827880859375,15,ökonomische kenntnisse
3,5230,-0.0224609375,16,ökonomische kenntnisse
3,2974,-0.05743408203125,17,ökonomische kenntnisse
3,2911,-0.10235595703125,18,ökonomische kenntnisse
3,4274,-0.1494140625,19,ökonomische kenntnisse
3,5363,-0.1536865234375,20,ökonomische kenntnisse
3,4136,-0.173828125,21,ökonomische kenntnisse
3,2913,-0.2386474609375,22,ökonomische kenntnisse
3,2956,-0.26025390625,23,ökonomische kenntnisse
3,5421,-0.285400390625,24,ökonomische kenntnisse
3,5525,-0.305419921875,25,ökonomische kenntnisse
3,3730,-0.30810546875,26,ökonomische kenntnisse
3,4598,-0.32861328125,27,ökonomische kenntnisse
3,3735,-0.3583984375,28,ökonomische kenntnisse
3,3778,-0.392333984375,29,ökonomische kenntnisse
3,3740,-0.39599609375,30,ökonomische kenntnisse
3,3576,-0.410400390625,31,ökonomische kenntnisse
3,3743,-0.424560546875,32,ökonomische kenntnisse
3,2965,-0.482177734375,33,ökonomische kenntnisse
3,5307,-0.48681640625,34,ökonomische kenntnisse
3,4925,-0.490966796875,35,ökonomische kenntnisse
3,5536,-0.501953125,36,ökonomische kenntnisse
3,4137,-0.51416015625,37,ökonomische kenntnisse
3,3147,-0.517578125,38,ökonomische kenntnisse
3,3379,-0.51806640625,39,ökonomische kenntnisse
3,5306,-0.5205078125,40,ökonomische kenntnisse
3,3378,-0.54296875,41,ökonomische kenntnisse
3,3752,-0.564453125,42,ökonomische kenntnisse
3,3533,-0.61962890625,43,ökonomische kenntnisse
3,2962,-0.63818359375,44,ökonomische kenntnisse
3,5605,-0.68017578125,45,ökonomische kenntnisse
3,5228,-0.68408203125,46,ökonomische kenntnisse
3,4599,-0.6982421875,47,ökonomische kenntnisse
3,5225,-0.72998046875,48,ökonomische kenntnisse
3,4951,-0.748046875,49,ökonomische kenntnisse
3,5424,-0.7744140625,50,ökonomische kenntnisse
3,4836,-0.77685546875,51,ökonomische kenntnisse
3,3023,-0.8408203125,52,ökonomische kenntnisse
3,5279,-0.8447265625,53,ökonomische kenntnisse
3,4134,-0.8837890625,54,ökonomische kenntnisse
3,4389,-0.89990234375,55,ökonomische kenntnisse
3,3586,-0.90869140625,56,ökonomische kenntnisse
3,4673,-0.91943359375,57,ökonomische kenntnisse
3,3146,-0.95947265625,58,ökonomische kenntnisse
3,4497,-0.97412109375,59,ökonomische kenntnisse
3,3541,-1.0185546875,60,ökonomische kenntnisse
3,5332,-1.1103515625,61,ökonomische kenntnisse
3,3097,-1.138671875,62,ökonomische kenntnisse
3,3718,-1.2421875,63,ökonomische kenntnisse
3,4133,-1.244140625,64,ökonomische kenntnisse
3,3377,-1.33203125,65,ökonomische kenntnisse
3,2912,-1.34765625,66,ökonomische kenntnisse
3,3386,-1.369140625,67,ökonomische kenntnisse
3,5393,-1.3779296875,68,ökonomische kenntnisse
3,3148,-1.423828125,69,ökonomische kenntnisse
3,4271,-1.4306640625,70,ökonomische kenntnisse
3,3534,-1.4599609375,71,ökonomische kenntnisse
3,4920,-1.4814453125,72,ökonomische kenntnisse
3,4287,-1.4833984375,73,ökonomische kenntnisse
3,5331,-1.4892578125,74,ökonomische kenntnisse
3,3760,-1.51171875,75,ökonomische kenntnisse
3,3762,-1.529296875,76,ökonomische kenntnisse
3,2850,-1.5673828125,77,ökonomische kenntnisse
3,3385,-1.57421875,78,ökonomische kenntnisse
3,3191,-1.669921875,79,ökonomische kenntnisse
3,5329,-1.671875,80,ökonomische kenntnisse
3,5398,-1.70703125,81,ökonomische kenntnisse
3,5604,-1.728515625,82,ökonomische kenntnisse
3,3559,-1.736328125,83,ökonomische kenntnisse
3,3141,-1.7470703125,84,ökonomische kenntnisse
3,4589,-1.9140625,85,ökonomische kenntnisse
3,4919,-1.9384765625,86,ökonomische kenntnisse
3,4508,-2.025390625,87,ökonomische kenntnisse
3,5607,-2.056640625,88,ökonomische kenntnisse
3,5147,-2.07421875,89,ökonomische kenntnisse
3,3537,-2.08203125,90,ökonomische kenntnisse
3,3198,-2.09765625,91,ökonomische kenntnisse
3,3546,-2.099609375,92,ökonomische kenntnisse
3,5532,-2.1640625,93,ökonomische kenntnisse
3,3775,-2.361328125,94,ökonomische kenntnisse
3,4095,-2.619140625,95,ökonomische kenntnisse
3,3051,-2.65625,96,ökonomische kenntnisse
3,3380,-2.787109375,97,ökonomische kenntnisse
3,4510,-2.787109375,98,ökonomische kenntnisse
3,4463,-2.849609375,99,ökonomische kenntnisse
3,3545,-3.205078125,100,ökonomische kenntnisse
4,4377,5.0859375,1,unternehmerische fähigkeiten strategie ablaufsteuerung einkauf unternehmensleitung und schutz von urheberrechten
4,4895,4.95703125,2,unternehmerische fähigkeiten strategie ablaufsteuerung einkauf unternehmensleitung und schutz von urheberrechten
4,3184,4.77734375,3,unternehmerische fähigkeiten strategie ablaufsteuerung einkauf unternehmensleitung und schutz von urheberrechten
4,4376,4.078125,4,unternehmerische fähigkeiten strategie ablaufsteuerung einkauf unternehmensleitung und schutz von urheberrechten
4,5581,3.828125,5,unternehmerische fähigkeiten strategie ablaufsteuerung einkauf unternehmensleitung und schutz von urheberrechten
4,4374,3.607421875,6,unternehmerische fähigkeiten strategie ablaufsteuerung einkauf unternehmensleitung und schutz von urheberrechten
4,5591,3.599609375,7,unternehmerische fähigkeiten strategie ablaufsteuerung einkauf unternehmensleitung und schutz von urheberrechten
4,4586,3.30859375,8,unternehmerische fähigkeiten strategie ablaufsteuerung einkauf unternehmensleitung und schutz von urheberrechten
4,4673,3.09765625,9,unternehmerische fähigkeiten strategie ablaufsteuerung einkauf unternehmensleitung und schutz von urheberrechten
4,5391,3.060546875,10,unternehmerische fähigkeiten strategie ablaufsteuerung einkauf unternehmensleitung und schutz von urheberrechten
4,5157,3.0390625,11,unternehmerische fähigkeiten strategie ablaufsteuerung einkauf unternehmensleitung und schutz von urheberrechten
4,4318,2.958984375,12,unternehmerische fähigkeiten strategie ablaufsteuerung einkauf unternehmensleitung und schutz von urheberrechten
4,3409,2.8046875,13,unternehmerische fähigkeiten strategie ablaufsteuerung einkauf unternehmensleitung und schutz von urheberrechten
4,4570,2.7734375,14,unternehmerische fähigkeiten strategie ablaufsteuerung einkauf unternehmensleitung und schutz von urheberrechten
4,5504,2.71875,15,unternehmerische fähigkeiten strategie ablaufsteuerung einkauf unternehmensleitung und schutz von urheberrechten
4,4952,2.71484375,16,unternehmerische fähigkeiten strategie ablaufsteuerung einkauf unternehmensleitung und schutz von urheberrechten
4,5585,2.701171875,17,unternehmerische fähigkeiten strategie ablaufsteuerung einkauf unternehmensleitung und schutz von urheberrechten
4,4675,2.6953125,18,unternehmerische fähigkeiten strategie ablaufsteuerung einkauf unternehmensleitung und schutz von urheberrechten
4,5082,2.673828125,19,unternehmerische fähigkeiten strategie ablaufsteuerung einkauf unternehmensleitung und schutz von urheberrechten
4,3548,2.662109375,20,unternehmerische fähigkeiten strategie ablaufsteuerung einkauf unternehmensleitung und schutz von urheberrechten
4,5505,2.576171875,21,unternehmerische fähigkeiten strategie ablaufsteuerung einkauf unternehmensleitung und schutz von urheberrechten
4,4682,2.57421875,22,unternehmerische fähigkeiten strategie ablaufsteuerung einkauf unternehmensleitung und schutz von urheberrechten
4,4592,2.544921875,23,unternehmerische fähigkeiten strategie ablaufsteuerung einkauf unternehmensleitung und schutz von urheberrechten
4,4271,2.498046875,24,unternehmerische fähigkeiten strategie ablaufsteuerung einkauf unternehmensleitung und schutz von urheberrechten
4,4359,2.478515625,25,unternehmerische fähigkeiten strategie ablaufsteuerung einkauf unternehmensleitung und schutz von urheberrechten
4,3533,2.37109375,26,unternehmerische fähigkeiten strategie ablaufsteuerung einkauf unternehmensleitung und schutz von urheberrechten
4,5393,2.310546875,27,unternehmerische fähigkeiten strategie ablaufsteuerung einkauf unternehmensleitung und schutz von urheberrechten
4,4019,2.154296875,28,unternehmerische fähigkeiten strategie ablaufsteuerung einkauf unternehmensleitung und schutz von urheberrechten
4,5271,2.154296875,29,unternehmerische fähigkeiten strategie ablaufsteuerung einkauf unternehmensleitung und schutz von urheberrechten
4,4591,2.111328125,30,unternehmerische fähigkeiten strategie ablaufsteuerung einkauf unternehmensleitung und schutz von urheberrechten
4,4680,2.080078125,31,unternehmerische fähigkeiten strategie ablaufsteuerung einkauf unternehmensleitung und schutz von urheberrechten
4,3020,1.962890625,32,unternehmerische fähigkeiten strategie ablaufsteuerung einkauf unternehmensleitung und schutz von urheberrechten
4,5160,1.931640625,33,unternehmerische fähigkeiten strategie ablaufsteuerung einkauf unternehmensleitung und schutz von urheberrechten
4,4106,1.8994140625,34,unternehmerische fähigkeiten strategie ablaufsteuerung einkauf unternehmensleitung und schutz von urheberrechten
4,5291,1.8701171875,35,unternehmerische fähigkeiten strategie ablaufsteuerung einkauf unternehmensleitung und schutz von urheberrechten
4,5582,1.8603515625,36,unternehmerische fähigkeiten strategie ablaufsteuerung einkauf unternehmensleitung und schutz von urheberrechten
4,5513,1.7041015625,37,unternehmerische fähigkeiten strategie ablaufsteuerung einkauf unternehmensleitung und schutz von urheberrechten
4,4081,1.662109375,38,unternehmerische fähigkeiten strategie ablaufsteuerung einkauf unternehmensleitung und schutz von urheberrechten
4,5508,1.6552734375,39,unternehmerische fähigkeiten strategie ablaufsteuerung einkauf unternehmensleitung und schutz von urheberrechten
4,4461,1.6357421875,40,unternehmerische fähigkeiten strategie ablaufsteuerung einkauf unternehmensleitung und schutz von urheberrechten
4,4365,1.615234375,41,unternehmerische fähigkeiten strategie ablaufsteuerung einkauf unternehmensleitung und schutz von urheberrechten
4,2952,1.58984375,42,unternehmerische fähigkeiten strategie ablaufsteuerung einkauf unternehmensleitung und schutz von urheberrechten
4,5087,1.5771484375,43,unternehmerische fähigkeiten strategie ablaufsteuerung einkauf unternehmensleitung und schutz von urheberrechten
4,5511,1.4560546875,44,unternehmerische fähigkeiten strategie ablaufsteuerung einkauf unternehmensleitung und schutz von urheberrechten
4,5397,1.4521484375,45,unternehmerische fähigkeiten strategie ablaufsteuerung einkauf unternehmensleitung und schutz von urheberrechten
4,4677,1.4482421875,46,unternehmerische fähigkeiten strategie ablaufsteuerung einkauf unternehmensleitung und schutz von urheberrechten
4,2980,1.3955078125,47,unternehmerische fähigkeiten strategie ablaufsteuerung einkauf unternehmensleitung und schutz von urheberrechten
4,4390,1.359375,48,unternehmerische fähigkeiten strategie ablaufsteuerung einkauf unternehmensleitung und schutz von urheberrechten
4,4564,1.357421875,49,unternehmerische fähigkeiten strategie ablaufsteuerung einkauf unternehmensleitung und schutz von urheberrechten
4,5602,1.3544921875,50,unternehmerische fähigkeiten strategie ablaufsteuerung einkauf unternehmensleitung und schutz von urheberrechten
4,4375,1.3212890625,51,unternehmerische fähigkeiten strategie ablaufsteuerung einkauf unternehmensleitung und schutz von urheberrechten
4,5081,1.2587890625,52,unternehmerische fähigkeiten strategie ablaufsteuerung einkauf unternehmensleitung und schutz von urheberrechten
4,3549,1.2099609375,53,unternehmerische fähigkeiten strategie ablaufsteuerung einkauf unternehmensleitung und schutz von urheberrechten
4,5343,1.2080078125,54,unternehmerische fähigkeiten strategie ablaufsteuerung einkauf unternehmensleitung und schutz von urheberrechten
4,5587,1.17578125,55,unternehmerische fähigkeiten strategie ablaufsteuerung einkauf unternehmensleitung und schutz von urheberrechten
4,3570,1.169921875,56,unternehmerische fähigkeiten strategie ablaufsteuerung einkauf unternehmensleitung und schutz von urheberrechten
4,4389,1.1142578125,57,unternehmerische fähigkeiten strategie ablaufsteuerung einkauf unternehmensleitung und schutz von urheberrechten
4,3412,1.1025390625,58,unternehmerische fähigkeiten strategie ablaufsteuerung einkauf unternehmensleitung und schutz von urheberrechten
4,5584,1.0986328125,59,unternehmerische fähigkeiten strategie ablaufsteuerung einkauf unternehmensleitung und schutz von urheberrechten
4,4679,0.986328125,60,unternehmerische fähigkeiten strategie ablaufsteuerung einkauf unternehmensleitung und schutz von urheberrechten
4,5503,0.96728515625,61,unternehmerische fähigkeiten strategie ablaufsteuerung einkauf unternehmensleitung und schutz von urheberrechten
4,2867,0.78955078125,62,unternehmerische fähigkeiten strategie ablaufsteuerung einkauf unternehmensleitung und schutz von urheberrechten
4,5300,0.7890625,63,unternehmerische fähigkeiten strategie ablaufsteuerung einkauf unternehmensleitung und schutz von urheberrechten
4,5274,0.748046875,64,unternehmerische fähigkeiten strategie ablaufsteuerung einkauf unternehmensleitung und schutz von urheberrechten
4,5605,0.73486328125,65,unternehmerische fähigkeiten strategie ablaufsteuerung einkauf unternehmensleitung und schutz von urheberrechten
4,5292,0.73095703125,66,unternehmerische fähigkeiten strategie ablaufsteuerung einkauf unternehmensleitung und schutz von urheberrechten
4,5588,0.65625,67,unternehmerische fähigkeiten strategie ablaufsteuerung einkauf unternehmensleitung und schutz von urheberrechten
4,5335,0.64794921875,68,unternehmerische fähigkeiten strategie ablaufsteuerung einkauf unternehmensleitung und schutz von urheberrechten
4,3758,0.5810546875,69,unternehmerische fähigkeiten strategie ablaufsteuerung einkauf unternehmensleitung und schutz von urheberrechten
4,5578,0.52685546875,70,unternehmerische fähigkeiten strategie ablaufsteuerung einkauf unternehmensleitung und schutz von urheberrechten
4,3094,0.52392578125,71,unternehmerische fähigkeiten strategie ablaufsteuerung einkauf unternehmensleitung und schutz von urheberrechten
4,3148,0.505859375,72,unternehmerische fähigkeiten strategie ablaufsteuerung einkauf unternehmensleitung und schutz von urheberrechten
4,3593,0.447509765625,73,unternehmerische fähigkeiten strategie ablaufsteuerung einkauf unternehmensleitung und schutz von urheberrechten
4,3554,0.427001953125,74,unternehmerische fähigkeiten strategie ablaufsteuerung einkauf unternehmensleitung und schutz von urheberrechten
4,3572,0.414794921875,75,unternehmerische fähigkeiten strategie ablaufsteuerung einkauf unternehmensleitung und schutz von urheberrechten
4,5309,0.372314453125,76,unternehmerische fähigkeiten strategie ablaufsteuerung einkauf unternehmensleitung und schutz von urheberrechten
4,3067,0.346435546875,77,unternehmerische fähigkeiten strategie ablaufsteuerung einkauf unternehmensleitung und schutz von urheberrechten
4,5611,0.315185546875,78,unternehmerische fähigkeiten strategie ablaufsteuerung einkauf unternehmensleitung und schutz von urheberrechten
4,5215,0.309326171875,79,unternehmerische fähigkeiten strategie ablaufsteuerung einkauf unternehmensleitung und schutz von urheberrechten
4,2974,0.22998046875,80,unternehmerische fähigkeiten strategie ablaufsteuerung einkauf unternehmensleitung und schutz von urheberrechten
4,5346,0.21923828125,81,unternehmerische fähigkeiten strategie ablaufsteuerung einkauf unternehmensleitung und schutz von urheberrechten
4,5474,0.200927734375,82,unternehmerische fähigkeiten strategie ablaufsteuerung einkauf unternehmensleitung und schutz von urheberrechten
4,5399,0.126708984375,83,unternehmerische fähigkeiten strategie ablaufsteuerung einkauf unternehmensleitung und schutz von urheberrechten
4,3564,0.06207275390625,84,unternehmerische fähigkeiten strategie ablaufsteuerung einkauf unternehmensleitung und schutz von urheberrechten
4,5273,-0.1322021484375,85,unternehmerische fähigkeiten strategie ablaufsteuerung einkauf unternehmensleitung und schutz von urheberrechten
4,4832,-0.1695556640625,86,unternehmerische fähigkeiten strategie ablaufsteuerung einkauf unternehmensleitung und schutz von urheberrechten
4,3791,-0.2548828125,87,unternehmerische fähigkeiten strategie ablaufsteuerung einkauf unternehmensleitung und schutz von urheberrechten
4,5536,-0.308837890625,88,unternehmerische fähigkeiten strategie ablaufsteuerung einkauf unternehmensleitung und schutz von urheberrechten
4,4901,-0.3427734375,89,unternehmerische fähigkeiten strategie ablaufsteuerung einkauf unternehmensleitung und schutz von urheberrechten
4,5592,-0.34716796875,90,unternehmerische fähigkeiten strategie ablaufsteuerung einkauf unternehmensleitung und schutz von urheberrechten
4,5293,-0.34765625,91,unternehmerische fähigkeiten strategie ablaufsteuerung einkauf unternehmensleitung und schutz von urheberrechten
4,3061,-0.5322265625,92,unternehmerische fähigkeiten strategie ablaufsteuerung einkauf unternehmensleitung und schutz von urheberrechten
4,5363,-0.57958984375,93,unternehmerische fähigkeiten strategie ablaufsteuerung einkauf unternehmensleitung und schutz von urheberrechten
4,5510,-0.7060546875,94,unternehmerische fähigkeiten strategie ablaufsteuerung einkauf unternehmensleitung und schutz von urheberrechten
4,4937,-0.77197265625,95,unternehmerische fähigkeiten strategie ablaufsteuerung einkauf unternehmensleitung und schutz von urheberrechten
4,4420,-1.046875,96,unternehmerische fähigkeiten strategie ablaufsteuerung einkauf unternehmensleitung und schutz von urheberrechten
4,4367,-1.0556640625,97,unternehmerische fähigkeiten strategie ablaufsteuerung einkauf unternehmensleitung und schutz von urheberrechten
4,4939,-1.1826171875,98,unternehmerische fähigkeiten strategie ablaufsteuerung einkauf unternehmensleitung und schutz von urheberrechten
4,4100,-1.62109375,99,unternehmerische fähigkeiten strategie ablaufsteuerung einkauf unternehmensleitung und schutz von urheberrechten
4,3688,-1.7509765625,100,unternehmerische fähigkeiten strategie ablaufsteuerung einkauf unternehmensleitung und schutz von urheberrechten
5,3829,2.7109375,1,erkenntnisvermögen und eigenanalyse
5,3262,2.078125,2,erkenntnisvermögen und eigenanalyse
5,4912,1.591796875,3,erkenntnisvermögen und eigenanalyse
5,3013,1.388671875,4,erkenntnisvermögen und eigenanalyse
5,3372,1.2578125,5,erkenntnisvermögen und eigenanalyse
5,3272,1.189453125,6,erkenntnisvermögen und eigenanalyse
5,3270,0.9462890625,7,erkenntnisvermögen und eigenanalyse
5,3015,0.86572265625,8,erkenntnisvermögen und eigenanalyse
5,3906,0.85107421875,9,erkenntnisvermögen und eigenanalyse
5,3819,0.66162109375,10,erkenntnisvermögen und eigenanalyse
5,3274,0.6455078125,11,erkenntnisvermögen und eigenanalyse
5,3705,0.533203125,12,erkenntnisvermögen und eigenanalyse
5,3815,0.5009765625,13,erkenntnisvermögen und eigenanalyse
5,3835,0.406982421875,14,erkenntnisvermögen und eigenanalyse
5,3371,0.3359375,15,erkenntnisvermögen und eigenanalyse
5,4522,0.057037353515625,16,erkenntnisvermögen und eigenanalyse
5,3017,0.04498291015625,17,erkenntnisvermögen und eigenanalyse
5,2885,0.0239410400390625,18,erkenntnisvermögen und eigenanalyse
5,3278,-0.057525634765625,19,erkenntnisvermögen und eigenanalyse
5,3266,-0.059906005859375,20,erkenntnisvermögen und eigenanalyse
5,5276,-0.080322265625,21,erkenntnisvermögen und eigenanalyse
5,4320,-0.1431884765625,22,erkenntnisvermögen und eigenanalyse
5,3264,-0.1680908203125,23,erkenntnisvermögen und eigenanalyse
5,4272,-0.247314453125,24,erkenntnisvermögen und eigenanalyse
5,3885,-0.303955078125,25,erkenntnisvermögen und eigenanalyse
5,5536,-0.449462890625,26,erkenntnisvermögen und eigenanalyse
5,3899,-0.587890625,27,erkenntnisvermögen und eigenanalyse
5,5033,-0.630859375,28,erkenntnisvermögen und eigenanalyse
5,3319,-0.67041015625,29,erkenntnisvermögen und eigenanalyse
5,3814,-0.83203125,30,erkenntnisvermögen und eigenanalyse
5,5210,-0.96484375,31,erkenntnisvermögen und eigenanalyse
5,3692,-0.97021484375,32,erkenntnisvermögen und eigenanalyse
5,5231,-1.046875,33,erkenntnisvermögen und eigenanalyse
5,5240,-1.0703125,34,erkenntnisvermögen und eigenanalyse
5,3808,-1.0830078125,35,erkenntnisvermögen und eigenanalyse
5,4518,-1.1181640625,36,erkenntnisvermögen und eigenanalyse
5,5244,-1.1953125,37,erkenntnisvermögen und eigenanalyse
5,3888,-1.2568359375,38,erkenntnisvermögen und eigenanalyse
5,3129,-1.27734375,39,erkenntnisvermögen und eigenanalyse
5,3893,-1.3193359375,40,erkenntnisvermögen und eigenanalyse
5,5279,-1.626953125,41,erkenntnisvermögen und eigenanalyse
5,4552,-1.685546875,42,erkenntnisvermögen und eigenanalyse
5,3401,-1.8486328125,43,erkenntnisvermögen und eigenanalyse
5,4585,-1.9326171875,44,erkenntnisvermögen und eigenanalyse
5,3121,-1.9638671875,45,erkenntnisvermögen und eigenanalyse
5,2911,-1.9833984375,46,erkenntnisvermögen und eigenanalyse
5,5120,-1.984375,47,erkenntnisvermögen und eigenanalyse
5,4543,-2.0390625,48,erkenntnisvermögen und eigenanalyse
5,4009,-2.091796875,49,erkenntnisvermögen und eigenanalyse
5,5242,-2.220703125,50,erkenntnisvermögen und eigenanalyse
5,4578,-2.314453125,51,erkenntnisvermögen und eigenanalyse
5,5331,-2.3828125,52,erkenntnisvermögen und eigenanalyse
5,3268,-2.423828125,53,erkenntnisvermögen und eigenanalyse
5,5330,-2.470703125,54,erkenntnisvermögen und eigenanalyse
5,5584,-2.5234375,55,erkenntnisvermögen und eigenanalyse
5,3118,-2.583984375,56,erkenntnisvermögen und eigenanalyse
5,3800,-2.587890625,57,erkenntnisvermögen und eigenanalyse
5,5413,-2.62109375,58,erkenntnisvermögen und eigenanalyse
5,3512,-2.638671875,59,erkenntnisvermögen und eigenanalyse
5,5117,-2.65234375,60,erkenntnisvermögen und eigenanalyse
5,3379,-2.66015625,61,erkenntnisvermögen und eigenanalyse
5,3110,-2.69140625,62,erkenntnisvermögen und eigenanalyse
5,3112,-2.728515625,63,erkenntnisvermögen und eigenanalyse
5,4176,-2.751953125,64,erkenntnisvermögen und eigenanalyse
5,4546,-2.80859375,65,erkenntnisvermögen und eigenanalyse
5,3106,-2.88671875,66,erkenntnisvermögen und eigenanalyse
5,3060,-2.9140625,67,erkenntnisvermögen und eigenanalyse
5,4547,-2.974609375,68,erkenntnisvermögen und eigenanalyse
5,3939,-3.064453125,69,erkenntnisvermögen und eigenanalyse
5,5324,-3.078125,70,erkenntnisvermögen und eigenanalyse
5,3628,-3.091796875,71,erkenntnisvermögen und eigenanalyse
5,5026,-3.091796875,72,erkenntnisvermögen und eigenanalyse
5,3981,-3.09765625,73,erkenntnisvermögen und eigenanalyse
5,3674,-3.16796875,74,erkenntnisvermögen und eigenanalyse
5,4012,-3.171875,75,erkenntnisvermögen und eigenanalyse
5,3625,-3.177734375,76,erkenntnisvermögen und eigenanalyse
5,3954,-3.19140625,77,erkenntnisvermögen und eigenanalyse
5,4885,-3.244140625,78,erkenntnisvermögen und eigenanalyse
5,3115,-3.291015625,79,erkenntnisvermögen und eigenanalyse
5,3141,-3.298828125,80,erkenntnisvermögen und eigenanalyse
5,3997,-3.302734375,81,erkenntnisvermögen und eigenanalyse
5,3131,-3.310546875,82,erkenntnisvermögen und eigenanalyse
5,4220,-3.423828125,83,erkenntnisvermögen und eigenanalyse
5,3921,-3.5,84,erkenntnisvermögen und eigenanalyse
5,4981,-3.560546875,85,erkenntnisvermögen und eigenanalyse
5,4891,-3.724609375,86,erkenntnisvermögen und eigenanalyse
5,4592,-3.732421875,87,erkenntnisvermögen und eigenanalyse
5,4793,-3.7578125,88,erkenntnisvermögen und eigenanalyse
5,4577,-3.806640625,89,erkenntnisvermögen und eigenanalyse
5,3265,-3.818359375,90,erkenntnisvermögen und eigenanalyse
5,3681,-3.853515625,91,erkenntnisvermögen und eigenanalyse
5,3621,-3.91796875,92,erkenntnisvermögen und eigenanalyse
5,3328,-3.95703125,93,erkenntnisvermögen und eigenanalyse
5,2955,-3.962890625,94,erkenntnisvermögen und eigenanalyse
5,3148,-3.97265625,95,erkenntnisvermögen und eigenanalyse
5,4637,-4.05078125,96,erkenntnisvermögen und eigenanalyse
5,5058,-4.1171875,97,erkenntnisvermögen und eigenanalyse
5,3146,-4.2109375,98,erkenntnisvermögen und eigenanalyse
5,5116,-4.2265625,99,erkenntnisvermögen und eigenanalyse
5,3138,-4.453125,100,erkenntnisvermögen und eigenanalyse
6,2879,7.41015625,1,informationsaufbereitung
6,5096,5.140625,2,informationsaufbereitung
6,3833,3.5,3,informationsaufbereitung
6,4647,3.005859375,4,informationsaufbereitung
6,5101,2.634765625,5,informationsaufbereitung
6,3528,2.611328125,6,informationsaufbereitung
6,5105,2.513671875,7,informationsaufbereitung
6,5100,2.052734375,8,informationsaufbereitung
6,2882,1.8623046875,9,informationsaufbereitung
6,3705,1.826171875,10,informationsaufbereitung
6,2927,1.626953125,11,informationsaufbereitung
6,5430,1.6171875,12,informationsaufbereitung
6,2880,1.5927734375,13,informationsaufbereitung
6,4041,1.55078125,14,informationsaufbereitung
6,2908,1.3583984375,15,informationsaufbereitung
6,4193,1.3583984375,16,informationsaufbereitung
6,3827,1.251953125,17,informationsaufbereitung
6,4038,1.240234375,18,informationsaufbereitung
6,4578,1.216796875,19,informationsaufbereitung
6,3950,1.10546875,20,informationsaufbereitung
6,3828,1.0537109375,21,informationsaufbereitung
6,4643,1.05078125,22,informationsaufbereitung
6,5098,1.0205078125,23,informationsaufbereitung
6,2861,1.0087890625,24,informationsaufbereitung
6,4008,0.95703125,25,informationsaufbereitung
6,3074,0.84716796875,26,informationsaufbereitung
6,4404,0.78759765625,27,informationsaufbereitung
6,3815,0.73828125,28,informationsaufbereitung
6,4479,0.73095703125,29,informationsaufbereitung
6,2855,0.70751953125,30,informationsaufbereitung
6,3517,0.5732421875,31,informationsaufbereitung
6,4593,0.5673828125,32,informationsaufbereitung
6,5172,0.412841796875,33,informationsaufbereitung
6,4043,0.26611328125,34,informationsaufbereitung
6,5283,0.2462158203125,35,informationsaufbereitung
6,3938,0.2451171875,36,informationsaufbereitung
6,3922,0.132568359375,37,informationsaufbereitung
6,4577,0.1077880859375,38,informationsaufbereitung
6,3996,0.0533447265625,39,informationsaufbereitung
6,4357,0.0268707275390625,40,informationsaufbereitung
6,2881,-0.004055023193359375,41,informationsaufbereitung
6,5104,-0.0635986328125,42,informationsaufbereitung
6,2871,-0.07171630859375,43,informationsaufbereitung
6,5243,-0.1749267578125,44,informationsaufbereitung
6,3829,-0.192626953125,45,informationsaufbereitung
6,3953,-0.2032470703125,46,informationsaufbereitung
6,2859,-0.236328125,47,informationsaufbereitung
6,3982,-0.298828125,48,informationsaufbereitung
6,4016,-0.3388671875,49,informationsaufbereitung
6,4011,-0.36474609375,50,informationsaufbereitung
6,3327,-0.367431640625,51,informationsaufbereitung
6,3831,-0.36767578125,52,informationsaufbereitung
6,4951,-0.37353515625,53,informationsaufbereitung
6,3800,-0.411865234375,54,informationsaufbereitung
6,4739,-0.427978515625,55,informationsaufbereitung
6,4543,-0.46484375,56,informationsaufbereitung
6,5108,-0.474853515625,57,informationsaufbereitung
6,5275,-0.494873046875,58,informationsaufbereitung
6,3512,-0.54150390625,59,informationsaufbereitung
6,4203,-0.5712890625,60,informationsaufbereitung
6,4434,-0.58154296875,61,informationsaufbereitung
6,4252,-0.673828125,62,informationsaufbereitung
6,3516,-0.68359375,63,informationsaufbereitung
6,5110,-0.6845703125,64,informationsaufbereitung
6,5245,-0.732421875,65,informationsaufbereitung
6,3822,-0.740234375,66,informationsaufbereitung
6,5413,-0.74267578125,67,informationsaufbereitung
6,3685,-0.763671875,68,informationsaufbereitung
6,3802,-0.765625,69,informationsaufbereitung
6,3702,-0.82421875,70,informationsaufbereitung
6,3625,-0.830078125,71,informationsaufbereitung
6,3522,-0.8779296875,72,informationsaufbereitung
6,3887,-0.8857421875,73,informationsaufbereitung
6,5337,-0.90185546875,74,informationsaufbereitung
6,5114,-0.9189453125,75,informationsaufbereitung
6,3801,-0.93212890625,76,informationsaufbereitung
6,3557,-0.9375,77,informationsaufbereitung
6,4746,-0.99267578125,78,informationsaufbereitung
6,3034,-1.021484375,79,informationsaufbereitung
6,4079,-1.033203125,80,informationsaufbereitung
6,4811,-1.1474609375,81,informationsaufbereitung
6,3388,-1.1728515625,82,informationsaufbereitung
6,4887,-1.2734375,83,informationsaufbereitung
6,3521,-1.3984375,84,informationsaufbereitung
6,3083,-1.494140625,85,informationsaufbereitung
6,4210,-1.50390625,86,informationsaufbereitung
6,3375,-1.537109375,87,informationsaufbereitung
6,3273,-1.625,88,informationsaufbereitung
6,4672,-1.6318359375,89,informationsaufbereitung
6,4814,-1.6533203125,90,informationsaufbereitung
6,4310,-1.6689453125,91,informationsaufbereitung
6,3698,-1.7509765625,92,informationsaufbereitung
6,5287,-1.7734375,93,informationsaufbereitung
6,5237,-1.8388671875,94,informationsaufbereitung
6,3765,-2.0390625,95,informationsaufbereitung
6,5109,-2.083984375,96,informationsaufbereitung
6,5174,-2.173828125,97,informationsaufbereitung
6,2819,-2.1875,98,informationsaufbereitung
6,3623,-2.212890625,99,informationsaufbereitung
6,3219,-2.48828125,100,informationsaufbereitung
7,3980,1.0537109375,1,darstellungs und vortragsmethoden
7,3514,0.77734375,2,darstellungs und vortragsmethoden
7,4208,0.7333984375,3,darstellungs und vortragsmethoden
7,4735,0.70166015625,4,darstellungs und vortragsmethoden
7,3987,0.59423828125,5,darstellungs und vortragsmethoden
7,3815,0.53369140625,6,darstellungs und vortragsmethoden
7,4309,0.498291015625,7,darstellungs und vortragsmethoden
7,4307,0.377197265625,8,darstellungs und vortragsmethoden
7,4815,0.29150390625,9,darstellungs und vortragsmethoden
7,4741,0.287109375,10,darstellungs und vortragsmethoden
7,3060,0.28369140625,11,darstellungs und vortragsmethoden
7,3507,0.274169921875,12,darstellungs und vortragsmethoden
7,3927,0.15380859375,13,darstellungs und vortragsmethoden
7,3529,0.09521484375,14,darstellungs und vortragsmethoden
7,5238,0.0802001953125,15,darstellungs und vortragsmethoden
7,4316,0.060577392578125,16,darstellungs und vortragsmethoden
7,3518,0.0357666015625,17,darstellungs und vortragsmethoden
7,3978,0.0196380615234375,18,darstellungs und vortragsmethoden
7,3505,-0.0017538070678710938,19,darstellungs und vortragsmethoden
7,3930,-0.01277923583984375,20,darstellungs und vortragsmethoden
7,4583,-0.0194091796875,21,darstellungs und vortragsmethoden
7,3932,-0.038665771484375,22,darstellungs und vortragsmethoden
7,3521,-0.07666015625,23,darstellungs und vortragsmethoden
7,3991,-0.08624267578125,24,darstellungs und vortragsmethoden
7,3639,-0.08917236328125,25,darstellungs und vortragsmethoden
7,3516,-0.12744140625,26,darstellungs und vortragsmethoden
7,4814,-0.13671875,27,darstellungs und vortragsmethoden
7,4012,-0.163330078125,28,darstellungs und vortragsmethoden
7,4007,-0.16650390625,29,darstellungs und vortragsmethoden
7,4739,-0.240234375,30,darstellungs und vortragsmethoden
7,3979,-0.250732421875,31,darstellungs und vortragsmethoden
7,3918,-0.287109375,32,darstellungs und vortragsmethoden
7,3954,-0.38037109375,33,darstellungs und vortragsmethoden
7,4578,-0.42578125,34,darstellungs und vortragsmethoden
7,4813,-0.46923828125,35,darstellungs und vortragsmethoden
7,3929,-0.475830078125,36,darstellungs und vortragsmethoden
7,3989,-0.48681640625,37,darstellungs und vortragsmethoden
7,3504,-0.492431640625,38,darstellungs und vortragsmethoden
7,3935,-0.49853515625,39,darstellungs und vortragsmethoden
7,4972,-0.50732421875,40,darstellungs und vortragsmethoden
7,3524,-0.51220703125,41,darstellungs und vortragsmethoden
7,4582,-0.51513671875,42,darstellungs und vortragsmethoden
7,3640,-0.52783203125,43,darstellungs und vortragsmethoden
7,4308,-0.5966796875,44,darstellungs und vortragsmethoden
7,4812,-0.59765625,45,darstellungs und vortragsmethoden
7,4743,-0.62060546875,46,darstellungs und vortragsmethoden
7,4577,-0.62890625,47,darstellungs und vortragsmethoden
7,2816,-0.68408203125,48,darstellungs und vortragsmethoden
7,5263,-0.6884765625,49,darstellungs und vortragsmethoden
7,4745,-0.69482421875,50,darstellungs und vortragsmethoden
7,4973,-0.7255859375,51,darstellungs und vortragsmethoden
7,3998,-0.72900390625,52,darstellungs und vortragsmethoden
7,4810,-0.7373046875,53,darstellungs und vortragsmethoden
7,3993,-0.73876953125,54,darstellungs und vortragsmethoden
7,4005,-0.75390625,55,darstellungs und vortragsmethoden
7,4520,-0.76220703125,56,darstellungs und vortragsmethoden
7,3517,-0.783203125,57,darstellungs und vortragsmethoden
7,4734,-0.8173828125,58,darstellungs und vortragsmethoden
7,3947,-0.908203125,59,darstellungs und vortragsmethoden
7,2859,-0.91455078125,60,darstellungs und vortragsmethoden
7,4738,-0.931640625,61,darstellungs und vortragsmethoden
7,3522,-0.9345703125,62,darstellungs und vortragsmethoden
7,4313,-1.0087890625,63,darstellungs und vortragsmethoden
7,4733,-1.0126953125,64,darstellungs und vortragsmethoden
7,3506,-1.04296875,65,darstellungs und vortragsmethoden
7,4548,-1.0712890625,66,darstellungs und vortragsmethoden
7,3512,-1.1357421875,67,darstellungs und vortragsmethoden
7,4098,-1.1396484375,68,darstellungs und vortragsmethoden
7,3988,-1.1884765625,69,darstellungs und vortragsmethoden
7,5324,-1.224609375,70,darstellungs und vortragsmethoden
7,3956,-1.2578125,71,darstellungs und vortragsmethoden
7,3519,-1.271484375,72,darstellungs und vortragsmethoden
7,4317,-1.283203125,73,darstellungs und vortragsmethoden
7,4746,-1.3525390625,74,darstellungs und vortragsmethoden
7,4736,-1.3623046875,75,darstellungs und vortragsmethoden
7,3939,-1.375,76,darstellungs und vortragsmethoden
7,3933,-1.3759765625,77,darstellungs und vortragsmethoden
7,4547,-1.3916015625,78,darstellungs und vortragsmethoden
7,3681,-1.5126953125,79,darstellungs und vortragsmethoden
7,3129,-1.578125,80,darstellungs und vortragsmethoden
7,3997,-1.595703125,81,darstellungs und vortragsmethoden
7,4742,-1.6025390625,82,darstellungs und vortragsmethoden
7,4200,-1.6181640625,83,darstellungs und vortragsmethoden
7,4737,-1.70703125,84,darstellungs und vortragsmethoden
7,4193,-1.7255859375,85,darstellungs und vortragsmethoden
7,3531,-1.9033203125,86,darstellungs und vortragsmethoden
7,4310,-2.03515625,87,darstellungs und vortragsmethoden
7,3143,-2.0859375,88,darstellungs und vortragsmethoden
7,3515,-2.087890625,89,darstellungs und vortragsmethoden
7,3921,-2.1015625,90,darstellungs und vortragsmethoden
7,4522,-2.166015625,91,darstellungs und vortragsmethoden
7,3981,-2.205078125,92,darstellungs und vortragsmethoden
7,3131,-2.32421875,93,darstellungs und vortragsmethoden
7,2827,-2.33984375,94,darstellungs und vortragsmethoden
7,5260,-2.521484375,95,darstellungs und vortragsmethoden
7,4546,-2.947265625,96,darstellungs und vortragsmethoden
7,3625,-3.28515625,97,darstellungs und vortragsmethoden
7,4549,-3.48046875,98,darstellungs und vortragsmethoden
7,3621,-3.666015625,99,darstellungs und vortragsmethoden
7,3210,-4.28515625,100,darstellungs und vortragsmethoden
8,4539,3.037109375,1,staatskunst und internationale steuerung
8,3753,2.244140625,2,staatskunst und internationale steuerung
8,2841,1.9091796875,3,staatskunst und internationale steuerung
8,4234,1.0830078125,4,staatskunst und internationale steuerung
8,5462,0.379638671875,5,staatskunst und internationale steuerung
8,5452,0.374267578125,6,staatskunst und internationale steuerung
8,3741,0.2005615234375,7,staatskunst und internationale steuerung
8,3420,-0.1383056640625,8,staatskunst und internationale steuerung
8,4537,-0.2352294921875,9,staatskunst und internationale steuerung
8,5348,-0.2734375,10,staatskunst und internationale steuerung
8,3740,-0.53662109375,11,staatskunst und internationale steuerung
8,3364,-0.6806640625,12,staatskunst und internationale steuerung
8,4242,-0.70263671875,13,staatskunst und internationale steuerung
8,3362,-0.72998046875,14,staatskunst und internationale steuerung
8,2840,-0.85400390625,15,staatskunst und internationale steuerung
8,4502,-1.0126953125,16,staatskunst und internationale steuerung
8,4243,-1.01953125,17,staatskunst und internationale steuerung
8,3549,-1.0341796875,18,staatskunst und internationale steuerung
8,3078,-1.0517578125,19,staatskunst und internationale steuerung
8,4618,-1.1201171875,20,staatskunst und internationale steuerung
8,3368,-1.130859375,21,staatskunst und internationale steuerung
8,4238,-1.216796875,22,staatskunst und internationale steuerung
8,5503,-1.234375,23,staatskunst und internationale steuerung
8,5268,-1.373046875,24,staatskunst und internationale steuerung
8,5350,-1.4443359375,25,staatskunst und internationale steuerung
8,3357,-1.44921875,26,staatskunst und internationale steuerung
8,4626,-1.458984375,27,staatskunst und internationale steuerung
8,3360,-1.4990234375,28,staatskunst und internationale steuerung
8,4250,-1.501953125,29,staatskunst und internationale steuerung
8,5354,-1.548828125,30,staatskunst und internationale steuerung
8,4521,-1.6123046875,31,staatskunst und internationale steuerung
8,5469,-1.6259765625,32,staatskunst und internationale steuerung
8,3730,-1.6298828125,33,staatskunst und internationale steuerung
8,4236,-1.638671875,34,staatskunst und internationale steuerung
8,5393,-1.65234375,35,staatskunst und internationale steuerung
8,4241,-1.66015625,36,staatskunst und internationale steuerung
8,4536,-1.6640625,37,staatskunst und internationale steuerung
8,4627,-1.703125,38,staatskunst und internationale steuerung
8,3054,-1.728515625,39,staatskunst und internationale steuerung
8,3422,-1.7529296875,40,staatskunst und internationale steuerung
8,3358,-1.7958984375,41,staatskunst und internationale steuerung
8,4253,-1.8193359375,42,staatskunst und internationale steuerung
8,3365,-1.8544921875,43,staatskunst und internationale steuerung
8,3356,-1.8896484375,44,staatskunst und internationale steuerung
8,3129,-1.8984375,45,staatskunst und internationale steuerung
8,5352,-1.9453125,46,staatskunst und internationale steuerung
8,5465,-1.9453125,47,staatskunst und internationale steuerung
8,5455,-1.984375,48,staatskunst und internationale steuerung
8,4239,-2.005859375,49,staatskunst und internationale steuerung
8,3077,-2.033203125,50,staatskunst und internationale steuerung
8,3369,-2.033203125,51,staatskunst und internationale steuerung
8,4246,-2.041015625,52,staatskunst und internationale steuerung
8,4248,-2.0859375,53,staatskunst und internationale steuerung
8,5460,-2.111328125,54,staatskunst und internationale steuerung
8,4600,-2.12890625,55,staatskunst und internationale steuerung
8,5459,-2.22265625,56,staatskunst und internationale steuerung
8,3363,-2.22265625,57,staatskunst und internationale steuerung
8,3075,-2.2578125,58,staatskunst und internationale steuerung
8,4623,-2.275390625,59,staatskunst und internationale steuerung
8,4249,-2.32421875,60,staatskunst und internationale steuerung
8,5453,-2.392578125,61,staatskunst und internationale steuerung
8,3071,-2.451171875,62,staatskunst und internationale steuerung
8,5454,-2.4921875,63,staatskunst und internationale steuerung
8,5260,-2.5234375,64,staatskunst und internationale steuerung
8,5518,-2.529296875,65,staatskunst und internationale steuerung
8,4245,-2.62109375,66,staatskunst und internationale steuerung
8,4538,-2.66015625,67,staatskunst und internationale steuerung
8,4540,-2.732421875,68,staatskunst und internationale steuerung
8,5129,-2.79296875,69,staatskunst und internationale steuerung
8,5351,-2.82421875,70,staatskunst und internationale steuerung
8,5468,-2.943359375,71,staatskunst und internationale steuerung
8,3359,-2.984375,72,staatskunst und internationale steuerung
8,5466,-2.98828125,73,staatskunst und internationale steuerung
8,4625,-2.990234375,74,staatskunst und internationale steuerung
8,4235,-3.00390625,75,staatskunst und internationale steuerung
8,5458,-3.123046875,76,staatskunst und internationale steuerung
8,4247,-3.125,77,staatskunst und internationale steuerung
8,3127,-3.126953125,78,staatskunst und internationale steuerung
8,5464,-3.212890625,79,staatskunst und internationale steuerung
8,4251,-3.244140625,80,staatskunst und internationale steuerung
8,5355,-3.24609375,81,staatskunst und internationale steuerung
8,3423,-3.34375,82,staatskunst und internationale steuerung
8,3421,-3.345703125,83,staatskunst und internationale steuerung
8,3416,-3.365234375,84,staatskunst und internationale steuerung
8,4244,-3.4453125,85,staatskunst und internationale steuerung
8,3756,-3.544921875,86,staatskunst und internationale steuerung
8,3209,-3.568359375,87,staatskunst und internationale steuerung
8,5461,-3.583984375,88,staatskunst und internationale steuerung
8,3681,-3.78125,89,staatskunst und internationale steuerung
8,5022,-3.787109375,90,staatskunst und internationale steuerung
8,5463,-3.806640625,91,staatskunst und internationale steuerung
8,4622,-3.845703125,92,staatskunst und internationale steuerung
8,4240,-3.912109375,93,staatskunst und internationale steuerung
8,4519,-3.919921875,94,staatskunst und internationale steuerung
8,4237,-3.998046875,95,staatskunst und internationale steuerung
8,3703,-4.125,96,staatskunst und internationale steuerung
8,3631,-4.234375,97,staatskunst und internationale steuerung
8,5457,-4.2578125,98,staatskunst und internationale steuerung
8,5467,-5.0,99,staatskunst und internationale steuerung
8,5456,-6.109375,100,staatskunst und internationale steuerung
9,4339,9.546875,1,multikulturelle kompetenz
9,4774,9.3203125,2,multikulturelle kompetenz
9,5021,6.28125,3,multikulturelle kompetenz
9,5205,5.90625,4,multikulturelle kompetenz
9,4332,5.85546875,5,multikulturelle kompetenz
9,5024,5.57421875,6,multikulturelle kompetenz
9,5206,5.25,7,multikulturelle kompetenz
9,3413,5.13671875,8,multikulturelle kompetenz
9,5207,4.22265625,9,multikulturelle kompetenz
9,5028,3.943359375,10,multikulturelle kompetenz
9,5210,3.4921875,11,multikulturelle kompetenz
9,4769,3.384765625,12,multikulturelle kompetenz
9,4334,3.11328125,13,multikulturelle kompetenz
9,5212,2.849609375,14,multikulturelle kompetenz
9,4782,2.716796875,15,multikulturelle kompetenz
9,4333,2.63671875,16,multikulturelle kompetenz
9,5033,2.505859375,17,multikulturelle kompetenz
9,3419,2.388671875,18,multikulturelle kompetenz
9,3815,2.328125,19,multikulturelle kompetenz
9,3317,2.08203125,20,multikulturelle kompetenz
9,4775,1.935546875,21,multikulturelle kompetenz
9,3414,1.908203125,22,multikulturelle kompetenz
9,4777,1.8115234375,23,multikulturelle kompetenz
9,4771,1.697265625,24,multikulturelle kompetenz
9,4780,1.6962890625,25,multikulturelle kompetenz
9,5211,1.677734375,26,multikulturelle kompetenz
9,3415,1.4990234375,27,multikulturelle kompetenz
9,4770,1.244140625,28,multikulturelle kompetenz
9,4776,0.9638671875,29,multikulturelle kompetenz
9,4772,0.80419921875,30,multikulturelle kompetenz
9,3652,0.77001953125,31,multikulturelle kompetenz
9,5023,0.75830078125,32,multikulturelle kompetenz
9,3319,0.58740234375,33,multikulturelle kompetenz
9,3417,0.533203125,34,multikulturelle kompetenz
9,5029,0.1849365234375,35,multikulturelle kompetenz
9,3376,0.1309814453125,36,multikulturelle kompetenz
9,4778,0.0136871337890625,37,multikulturelle kompetenz
9,5213,-0.0765380859375,38,multikulturelle kompetenz
9,4144,-0.10662841796875,39,multikulturelle kompetenz
9,3787,-0.163330078125,40,multikulturelle kompetenz
9,4338,-0.333740234375,41,multikulturelle kompetenz
9,5214,-0.5048828125,42,multikulturelle kompetenz
9,3348,-0.54833984375,43,multikulturelle kompetenz
9,3418,-0.6142578125,44,multikulturelle kompetenz
9,5558,-0.63330078125,45,multikulturelle kompetenz
9,3649,-0.79296875,46,multikulturelle kompetenz
9,3054,-0.82763671875,47,multikulturelle kompetenz
9,5244,-0.91015625,48,multikulturelle kompetenz
9,4204,-0.9296875,49,multikulturelle kompetenz
9,5006,-0.97607421875,50,multikulturelle kompetenz
9,3859,-0.984375,51,multikulturelle kompetenz
9,3320,-1.0146484375,52,multikulturelle kompetenz
9,4773,-1.1171875,53,multikulturelle kompetenz
9,4336,-1.12109375,54,multikulturelle kompetenz
9,4337,-1.1611328125,55,multikulturelle kompetenz
9,5031,-1.17578125,56,multikulturelle kompetenz
9,3651,-1.181640625,57,multikulturelle kompetenz
9,5313,-1.21484375,58,multikulturelle kompetenz
9,5022,-1.3212890625,59,multikulturelle kompetenz
9,4784,-1.32421875,60,multikulturelle kompetenz
9,3129,-1.34765625,61,multikulturelle kompetenz
9,3321,-1.3671875,62,multikulturelle kompetenz
9,4210,-1.453125,63,multikulturelle kompetenz
9,4851,-1.4609375,64,multikulturelle kompetenz
9,3318,-1.4814453125,65,multikulturelle kompetenz
9,5263,-1.5107421875,66,multikulturelle kompetenz
9,5120,-1.5517578125,67,multikulturelle kompetenz
9,4349,-1.5615234375,68,multikulturelle kompetenz
9,4781,-1.56640625,69,multikulturelle kompetenz
9,5025,-1.658203125,70,multikulturelle kompetenz
9,4335,-1.68359375,71,multikulturelle kompetenz
9,4521,-1.720703125,72,multikulturelle kompetenz
9,4552,-1.8388671875,73,multikulturelle kompetenz
9,4779,-1.8779296875,74,multikulturelle kompetenz
9,5026,-1.9091796875,75,multikulturelle kompetenz
9,5208,-1.978515625,76,multikulturelle kompetenz
9,4193,-1.9873046875,77,multikulturelle kompetenz
9,3416,-2.04296875,78,multikulturelle kompetenz
9,5268,-2.044921875,79,multikulturelle kompetenz
9,5111,-2.048828125,80,multikulturelle kompetenz
9,4445,-2.1484375,81,multikulturelle kompetenz
9,5030,-2.376953125,82,multikulturelle kompetenz
9,5027,-2.466796875,83,multikulturelle kompetenz
9,4783,-2.5234375,84,multikulturelle kompetenz
9,3350,-2.5390625,85,multikulturelle kompetenz
9,5209,-2.568359375,86,multikulturelle kompetenz
9,4143,-2.603515625,87,multikulturelle kompetenz
9,4155,-2.6328125,88,multikulturelle kompetenz
9,5032,-2.642578125,89,multikulturelle kompetenz
9,4150,-2.92578125,90,multikulturelle kompetenz
9,4545,-3.037109375,91,multikulturelle kompetenz
9,3133,-3.21875,92,multikulturelle kompetenz
9,4912,-3.255859375,93,multikulturelle kompetenz
9,3114,-3.275390625,94,multikulturelle kompetenz
9,4856,-3.3046875,95,multikulturelle kompetenz
9,3281,-3.423828125,96,multikulturelle kompetenz
9,3103,-3.564453125,97,multikulturelle kompetenz
9,3284,-5.17578125,98,multikulturelle kompetenz
9,4125,-5.3671875,99,multikulturelle kompetenz
9,4637,-5.70703125,100,multikulturelle kompetenz
10,4904,2.212890625,1,damen im berufsleben
10,4850,1.755859375,2,damen im berufsleben
10,4146,1.46484375,3,damen im berufsleben
10,4907,1.283203125,4,damen im berufsleben
10,2853,1.28125,5,damen im berufsleben
10,3668,1.244140625,6,damen im berufsleben
10,4905,1.18359375,7,damen im berufsleben
10,4145,1.109375,8,damen im berufsleben
10,2892,1.0673828125,9,damen im berufsleben
10,4149,0.947265625,10,damen im berufsleben
10,5321,0.92724609375,11,damen im berufsleben
10,4911,0.9150390625,12,damen im berufsleben
10,3660,0.8974609375,13,damen im berufsleben
10,4854,0.8642578125,14,damen im berufsleben
10,3142,0.83642578125,15,damen im berufsleben
10,5554,0.75244140625,16,damen im berufsleben
10,4855,0.7431640625,17,damen im berufsleben
10,3146,0.60595703125,18,damen im berufsleben
10,3657,0.58251953125,19,damen im berufsleben
10,5560,0.572265625,20,damen im berufsleben
10,3895,0.505859375,21,damen im berufsleben
10,4151,0.46533203125,22,damen im berufsleben
10,3263,0.45361328125,23,damen im berufsleben
10,2852,0.443603515625,24,damen im berufsleben
10,4155,0.428466796875,25,damen im berufsleben
10,4150,0.370361328125,26,damen im berufsleben
10,3654,0.356689453125,27,damen im berufsleben
10,2891,0.352294921875,28,damen im berufsleben
10,4451,0.32666015625,29,damen im berufsleben
10,4443,0.32373046875,30,damen im berufsleben
10,3012,0.294921875,31,damen im berufsleben
10,4154,0.27197265625,32,damen im berufsleben
10,4906,0.2425537109375,33,damen im berufsleben
10,3214,0.2303466796875,34,damen im berufsleben
10,5557,0.19970703125,35,damen im berufsleben
10,5559,0.1795654296875,36,damen im berufsleben
10,4853,0.15966796875,37,damen im berufsleben
10,3759,0.10809326171875,38,damen im berufsleben
10,3373,0.0733642578125,39,damen im berufsleben
10,4446,0.0322265625,40,damen im berufsleben
10,3210,0.01416015625,41,damen im berufsleben
10,5488,-0.00201416015625,42,damen im berufsleben
10,3653,-0.0435791015625,43,damen im berufsleben
10,5320,-0.06201171875,44,damen im berufsleben
10,5563,-0.08966064453125,45,damen im berufsleben
10,4909,-0.1361083984375,46,damen im berufsleben
10,4143,-0.1427001953125,47,damen im berufsleben
10,4912,-0.162109375,48,damen im berufsleben
10,4148,-0.236328125,49,damen im berufsleben
10,3281,-0.25146484375,50,damen im berufsleben
10,3885,-0.2607421875,51,damen im berufsleben
10,3892,-0.313720703125,52,damen im berufsleben
10,4153,-0.320068359375,53,damen im berufsleben
10,4851,-0.330810546875,54,damen im berufsleben
10,3201,-0.367431640625,55,damen im berufsleben
10,4856,-0.384765625,56,damen im berufsleben
10,3625,-0.405517578125,57,damen im berufsleben
10,3904,-0.440673828125,58,damen im berufsleben
10,4158,-0.480712890625,59,damen im berufsleben
10,5558,-0.525390625,60,damen im berufsleben
10,3669,-0.56787109375,61,damen im berufsleben
10,4141,-0.64208984375,62,damen im berufsleben
10,5491,-0.65576171875,63,damen im berufsleben
10,4448,-0.673828125,64,damen im berufsleben
10,4903,-0.70458984375,65,damen im berufsleben
10,4441,-0.70654296875,66,damen im berufsleben
10,2854,-0.81640625,67,damen im berufsleben
10,4157,-0.81884765625,68,damen im berufsleben
10,5566,-0.85205078125,69,damen im berufsleben
10,3758,-0.86279296875,70,damen im berufsleben
10,5480,-0.89208984375,71,damen im berufsleben
10,2936,-0.92529296875,72,damen im berufsleben
10,4720,-0.9580078125,73,damen im berufsleben
10,4444,-0.99365234375,74,damen im berufsleben
10,4849,-1.033203125,75,damen im berufsleben
10,3275,-1.0478515625,76,damen im berufsleben
10,2893,-1.0595703125,77,damen im berufsleben
10,3128,-1.1240234375,78,damen im berufsleben
10,4852,-1.1298828125,79,damen im berufsleben
10,3273,-1.146484375,80,damen im berufsleben
10,4147,-1.2060546875,81,damen im berufsleben
10,3390,-1.2236328125,82,damen im berufsleben
10,4142,-1.2802734375,83,damen im berufsleben
10,4440,-1.3134765625,84,damen im berufsleben
10,4910,-1.322265625,85,damen im berufsleben
10,3014,-1.333984375,86,damen im berufsleben
10,4442,-1.396484375,87,damen im berufsleben
10,4564,-1.4580078125,88,damen im berufsleben
10,3328,-1.466796875,89,damen im berufsleben
10,3141,-1.4970703125,90,damen im berufsleben
10,3280,-1.5224609375,91,damen im berufsleben
10,5551,-1.52734375,92,damen im berufsleben
10,3288,-1.607421875,93,damen im berufsleben
10,4447,-1.66015625,94,damen im berufsleben
10,4847,-1.9833984375,95,damen im berufsleben
10,5483,-2.087890625,96,damen im berufsleben
10,4449,-2.267578125,97,damen im berufsleben
10,3716,-2.470703125,98,damen im berufsleben
10,2993,-3.0546875,99,damen im berufsleben
10,3508,-3.734375,100,damen im berufsleben
11,3834,3.9296875,1,online bildung und lehrgangseinschätzung
11,4340,3.740234375,2,online bildung und lehrgangseinschätzung
11,3814,3.37109375,3,online bildung und lehrgangseinschätzung
11,3813,3.298828125,4,online bildung und lehrgangseinschätzung
11,3401,3.28515625,5,online bildung und lehrgangseinschätzung
11,3806,3.017578125,6,online bildung und lehrgangseinschätzung
11,3808,2.85546875,7,online bildung und lehrgangseinschätzung
11,4344,2.54296875,8,online bildung und lehrgangseinschätzung
11,5089,2.455078125,9,online bildung und lehrgangseinschätzung
11,4668,2.34765625,10,online bildung und lehrgangseinschätzung
11,4984,2.1796875,11,online bildung und lehrgangseinschätzung
11,3819,2.087890625,12,online bildung und lehrgangseinschätzung
11,4341,1.9189453125,13,online bildung und lehrgangseinschätzung
11,3802,1.9111328125,14,online bildung und lehrgangseinschätzung
11,3804,1.8623046875,15,online bildung und lehrgangseinschätzung
11,3835,1.7958984375,16,online bildung und lehrgangseinschätzung
11,4378,1.7080078125,17,online bildung und lehrgangseinschätzung
11,3638,1.693359375,18,online bildung und lehrgangseinschätzung
11,4796,1.6357421875,19,online bildung und lehrgangseinschätzung
11,4665,1.556640625,20,online bildung und lehrgangseinschätzung
11,3614,1.5205078125,21,online bildung und lehrgangseinschätzung
11,3801,1.4892578125,22,online bildung und lehrgangseinschätzung
11,3830,1.32421875,23,online bildung und lehrgangseinschätzung
11,4877,1.2197265625,24,online bildung und lehrgangseinschätzung
11,3618,1.2138671875,25,online bildung und lehrgangseinschätzung
11,4794,1.2109375,26,online bildung und lehrgangseinschätzung
11,5091,1.1865234375,27,online bildung und lehrgangseinschätzung
11,3827,1.1484375,28,online bildung und lehrgangseinschätzung
11,3800,1.1474609375,29,online bildung und lehrgangseinschätzung
11,5319,1.1298828125,30,online bildung und lehrgangseinschätzung
11,4662,1.1298828125,31,online bildung und lehrgangseinschätzung
11,5090,1.126953125,32,online bildung und lehrgangseinschätzung
11,2846,1.0322265625,33,online bildung und lehrgangseinschätzung
11,4874,1.021484375,34,online bildung und lehrgangseinschätzung
11,3832,0.95166015625,35,online bildung und lehrgangseinschätzung
11,3395,0.919921875,36,online bildung und lehrgangseinschätzung
11,3831,0.7890625,37,online bildung und lehrgangseinschätzung
11,3818,0.65673828125,38,online bildung und lehrgangseinschätzung
11,4379,0.6396484375,39,online bildung und lehrgangseinschätzung
11,4786,0.63427734375,40,online bildung und lehrgangseinschätzung
11,5092,0.6298828125,41,online bildung und lehrgangseinschätzung
11,4988,0.5888671875,42,online bildung und lehrgangseinschätzung
11,3821,0.572265625,43,online bildung und lehrgangseinschätzung
11,3828,0.52587890625,44,online bildung und lehrgangseinschätzung
11,4785,0.495361328125,45,online bildung und lehrgangseinschätzung
11,3809,0.429931640625,46,online bildung und lehrgangseinschätzung
11,3812,0.412353515625,47,online bildung und lehrgangseinschätzung
11,5317,0.374755859375,48,online bildung und lehrgangseinschätzung
11,4346,0.374267578125,49,online bildung und lehrgangseinschätzung
11,3815,0.3330078125,50,online bildung und lehrgangseinschätzung
11,3632,0.30126953125,51,online bildung und lehrgangseinschätzung
11,3807,0.292724609375,52,online bildung und lehrgangseinschätzung
11,4381,0.2176513671875,53,online bildung und lehrgangseinschätzung
11,3825,0.19970703125,54,online bildung und lehrgangseinschätzung
11,3615,0.1732177734375,55,online bildung und lehrgangseinschätzung
11,4672,0.1727294921875,56,online bildung und lehrgangseinschätzung
11,3822,0.1427001953125,57,online bildung und lehrgangseinschätzung
11,3816,0.1270751953125,58,online bildung und lehrgangseinschätzung
11,3811,0.10595703125,59,online bildung und lehrgangseinschätzung
11,3824,0.102294921875,60,online bildung und lehrgangseinschätzung
11,3398,0.0628662109375,61,online bildung und lehrgangseinschätzung
11,5314,0.059173583984375,62,online bildung und lehrgangseinschätzung
11,4878,0.046783447265625,63,online bildung und lehrgangseinschätzung
11,3833,0.01274871826171875,64,online bildung und lehrgangseinschätzung
11,4671,-0.00980377197265625,65,online bildung und lehrgangseinschätzung
11,4666,-0.0703125,66,online bildung und lehrgangseinschätzung
11,3826,-0.10772705078125,67,online bildung und lehrgangseinschätzung
11,3803,-0.123291015625,68,online bildung und lehrgangseinschätzung
11,2845,-0.1651611328125,69,online bildung und lehrgangseinschätzung
11,3396,-0.2109375,70,online bildung und lehrgangseinschätzung
11,4663,-0.251220703125,71,online bildung und lehrgangseinschätzung
11,4664,-0.318115234375,72,online bildung und lehrgangseinschätzung
11,3817,-0.327880859375,73,online bildung und lehrgangseinschätzung
11,3805,-0.4208984375,74,online bildung und lehrgangseinschätzung
11,4875,-0.494384765625,75,online bildung und lehrgangseinschätzung
11,4876,-0.5341796875,76,online bildung und lehrgangseinschätzung
11,3623,-0.576171875,77,online bildung und lehrgangseinschätzung
11,3619,-0.6025390625,78,online bildung und lehrgangseinschätzung
11,5316,-0.64013671875,79,online bildung und lehrgangseinschätzung
11,3622,-0.75146484375,80,online bildung und lehrgangseinschätzung
11,3400,-0.783203125,81,online bildung und lehrgangseinschätzung
11,4975,-0.82763671875,82,online bildung und lehrgangseinschätzung
11,2844,-0.90185546875,83,online bildung und lehrgangseinschätzung
11,4670,-0.91064453125,84,online bildung und lehrgangseinschätzung
11,3403,-0.9228515625,85,online bildung und lehrgangseinschätzung
11,4343,-0.947265625,86,online bildung und lehrgangseinschätzung
11,2886,-0.9853515625,87,online bildung und lehrgangseinschätzung
11,5313,-0.99951171875,88,online bildung und lehrgangseinschätzung
11,4792,-1.0546875,89,online bildung und lehrgangseinschätzung
11,3399,-1.0771484375,90,online bildung und lehrgangseinschätzung
11,4978,-1.09765625,91,online bildung und lehrgangseinschätzung
11,5095,-1.185546875,92,online bildung und lehrgangseinschätzung
11,5312,-1.21875,93,online bildung und lehrgangseinschätzung
11,4342,-1.23046875,94,online bildung und lehrgangseinschätzung
11,2847,-1.3046875,95,online bildung und lehrgangseinschätzung
11,3397,-1.3857421875,96,online bildung und lehrgangseinschätzung
11,3625,-1.591796875,97,online bildung und lehrgangseinschätzung
11,3628,-1.6796875,98,online bildung und lehrgangseinschätzung
11,4669,-2.107421875,99,online bildung und lehrgangseinschätzung
11,3621,-2.11328125,100,online bildung und lehrgangseinschätzung
12,3791,1.779296875,1,speicher und transportwesen
12,3217,1.025390625,2,speicher und transportwesen
12,3205,0.8515625,3,speicher und transportwesen
12,4365,0.66162109375,4,speicher und transportwesen
12,4362,0.60205078125,5,speicher und transportwesen
12,4377,0.50439453125,6,speicher und transportwesen
12,4368,0.13525390625,7,speicher und transportwesen
12,2993,-0.12548828125,8,speicher und transportwesen
12,2947,-0.1314697265625,9,speicher und transportwesen
12,3000,-0.2021484375,10,speicher und transportwesen
12,3208,-0.2320556640625,11,speicher und transportwesen
12,3212,-0.52392578125,12,speicher und transportwesen
12,3213,-0.54296875,13,speicher und transportwesen
12,2989,-0.6416015625,14,speicher und transportwesen
12,3219,-0.953125,15,speicher und transportwesen
12,4232,-1.015625,16,speicher und transportwesen
12,3220,-1.0673828125,17,speicher und transportwesen
12,2986,-1.271484375,18,speicher und transportwesen
12,3206,-1.2900390625,19,speicher und transportwesen
12,2998,-1.3095703125,20,speicher und transportwesen
12,2996,-1.40234375,21,speicher und transportwesen
12,2990,-1.5859375,22,speicher und transportwesen
12,3221,-1.6005859375,23,speicher und transportwesen
12,2994,-1.6826171875,24,speicher und transportwesen
12,4951,-1.7314453125,25,speicher und transportwesen
12,5346,-1.8125,26,speicher und transportwesen
12,4229,-1.849609375,27,speicher und transportwesen
12,4832,-1.93359375,28,speicher und transportwesen
12,3904,-2.01171875,29,speicher und transportwesen
12,2991,-2.021484375,30,speicher und transportwesen
12,4842,-2.068359375,31,speicher und transportwesen
12,3214,-2.0703125,32,speicher und transportwesen
12,3747,-2.078125,33,speicher und transportwesen
12,5471,-2.095703125,34,speicher und transportwesen
12,3207,-2.115234375,35,speicher und transportwesen
12,3211,-2.15625,36,speicher und transportwesen
12,3001,-2.185546875,37,speicher und transportwesen
12,5569,-2.20703125,38,speicher und transportwesen
12,4841,-2.22265625,39,speicher und transportwesen
12,2999,-2.24609375,40,speicher und transportwesen
12,4893,-2.27734375,41,speicher und transportwesen
12,4804,-2.29296875,42,speicher und transportwesen
12,2836,-2.337890625,43,speicher und transportwesen
12,3281,-2.40234375,44,speicher und transportwesen
12,2826,-2.455078125,45,speicher und transportwesen
12,4799,-2.673828125,46,speicher und transportwesen
12,3223,-2.685546875,47,speicher und transportwesen
12,3186,-2.697265625,48,speicher und transportwesen
12,4374,-2.78125,49,speicher und transportwesen
12,5363,-2.806640625,50,speicher und transportwesen
12,3209,-2.845703125,51,speicher und transportwesen
12,4359,-2.84765625,52,speicher und transportwesen
12,3222,-2.91796875,53,speicher und transportwesen
12,4938,-3.0625,54,speicher und transportwesen
12,3210,-3.091796875,55,speicher und transportwesen
12,4939,-3.1015625,56,speicher und transportwesen
12,2850,-3.125,57,speicher und transportwesen
12,4902,-3.13671875,58,speicher und transportwesen
12,5430,-3.15625,59,speicher und transportwesen
12,2843,-3.162109375,60,speicher und transportwesen
12,4840,-3.173828125,61,speicher und transportwesen
12,3752,-3.228515625,62,speicher und transportwesen
12,4101,-3.3125,63,speicher und transportwesen
12,3512,-3.375,64,speicher und transportwesen
12,4081,-3.4375,65,speicher und transportwesen
12,4491,-3.544921875,66,speicher und transportwesen
12,5098,-3.578125,67,speicher und transportwesen
12,4132,-3.599609375,68,speicher und transportwesen
12,4106,-3.626953125,69,speicher und transportwesen
12,3129,-3.66796875,70,speicher und transportwesen
12,3765,-3.6875,71,speicher und transportwesen
12,4389,-3.7265625,72,speicher und transportwesen
12,5104,-3.728515625,73,speicher und transportwesen
12,3330,-3.98828125,74,speicher und transportwesen
12,3146,-4.0859375,75,speicher und transportwesen
12,3716,-4.16015625,76,speicher und transportwesen
12,5273,-4.1875,77,speicher und transportwesen
12,3608,-4.1953125,78,speicher und transportwesen
12,3625,-4.19921875,79,speicher und transportwesen
12,5312,-4.203125,80,speicher und transportwesen
12,3631,-4.25390625,81,speicher und transportwesen
12,3141,-4.2734375,82,speicher und transportwesen
12,5572,-4.4140625,83,speicher und transportwesen
12,3328,-4.41796875,84,speicher und transportwesen
12,4412,-4.43359375,85,speicher und transportwesen
12,5260,-4.45703125,86,speicher und transportwesen
12,4901,-4.46875,87,speicher und transportwesen
12,3097,-4.56640625,88,speicher und transportwesen
12,4364,-4.6875,89,speicher und transportwesen
12,4204,-4.703125,90,speicher und transportwesen
12,4881,-4.734375,91,speicher und transportwesen
12,4580,-4.76171875,92,speicher und transportwesen
12,4592,-4.83984375,93,speicher und transportwesen
12,4736,-4.89453125,94,speicher und transportwesen
12,3707,-5.0546875,95,speicher und transportwesen
12,2841,-5.21484375,96,speicher und transportwesen
12,5406,-5.26953125,97,speicher und transportwesen
12,4743,-5.8359375,98,speicher und transportwesen
12,4564,-6.16015625,99,speicher und transportwesen
12,4843,-6.3828125,100,speicher und transportwesen
13,5605,2.033203125,1,laufbahnplanung und eigenanalyse
13,3840,1.904296875,2,laufbahnplanung und eigenanalyse
13,4320,0.61572265625,3,laufbahnplanung und eigenanalyse
13,5231,0.5625,4,laufbahnplanung und eigenanalyse
13,2859,0.486572265625,5,laufbahnplanung und eigenanalyse
13,3146,0.48486328125,6,laufbahnplanung und eigenanalyse
13,3585,0.372802734375,7,laufbahnplanung und eigenanalyse
13,4323,0.276123046875,8,laufbahnplanung und eigenanalyse
13,3614,0.009857177734375,9,laufbahnplanung und eigenanalyse
13,5293,0.006938934326171875,10,laufbahnplanung und eigenanalyse
13,3372,-0.10284423828125,11,laufbahnplanung und eigenanalyse
13,3104,-0.14111328125,12,laufbahnplanung und eigenanalyse
13,3829,-0.1639404296875,13,laufbahnplanung und eigenanalyse
13,4321,-0.1822509765625,14,laufbahnplanung und eigenanalyse
13,3718,-0.1927490234375,15,laufbahnplanung und eigenanalyse
13,3819,-0.3369140625,16,laufbahnplanung und eigenanalyse
13,5335,-0.33837890625,17,laufbahnplanung und eigenanalyse
13,3576,-0.339111328125,18,laufbahnplanung und eigenanalyse
13,3108,-0.373046875,19,laufbahnplanung und eigenanalyse
13,4832,-0.393798828125,20,laufbahnplanung und eigenanalyse
13,4592,-0.48681640625,21,laufbahnplanung und eigenanalyse
13,3723,-0.5537109375,22,laufbahnplanung und eigenanalyse
13,2849,-0.66796875,23,laufbahnplanung und eigenanalyse
13,5536,-0.669921875,24,laufbahnplanung und eigenanalyse
13,5363,-0.6806640625,25,laufbahnplanung und eigenanalyse
13,5298,-0.7265625,26,laufbahnplanung und eigenanalyse
13,3534,-0.7412109375,27,laufbahnplanung und eigenanalyse
13,3264,-0.8212890625,28,laufbahnplanung und eigenanalyse
13,3564,-0.919921875,29,laufbahnplanung und eigenanalyse
13,2850,-0.994140625,30,laufbahnplanung und eigenanalyse
13,4879,-1.0654296875,31,laufbahnplanung und eigenanalyse
13,3632,-1.0849609375,32,laufbahnplanung und eigenanalyse
13,2851,-1.1689453125,33,laufbahnplanung und eigenanalyse
13,5299,-1.2802734375,34,laufbahnplanung und eigenanalyse
13,5217,-1.32421875,35,laufbahnplanung und eigenanalyse
13,3717,-1.4169921875,36,laufbahnplanung und eigenanalyse
13,3633,-1.44921875,37,laufbahnplanung und eigenanalyse
13,5279,-1.4765625,38,laufbahnplanung und eigenanalyse
13,2912,-1.48046875,39,laufbahnplanung und eigenanalyse
13,5474,-1.501953125,40,laufbahnplanung und eigenanalyse
13,3118,-1.517578125,41,laufbahnplanung und eigenanalyse
13,3203,-1.5361328125,42,laufbahnplanung und eigenanalyse
13,3638,-1.556640625,43,laufbahnplanung und eigenanalyse
13,3625,-1.5615234375,44,laufbahnplanung und eigenanalyse
13,3241,-1.578125,45,laufbahnplanung und eigenanalyse
13,4420,-1.5791015625,46,laufbahnplanung und eigenanalyse
13,3063,-1.642578125,47,laufbahnplanung und eigenanalyse
13,3198,-1.6474609375,48,laufbahnplanung und eigenanalyse
13,2836,-1.734375,49,laufbahnplanung und eigenanalyse
13,3615,-1.7587890625,50,laufbahnplanung und eigenanalyse
13,4271,-1.814453125,51,laufbahnplanung und eigenanalyse
13,5050,-1.87890625,52,laufbahnplanung und eigenanalyse
13,5584,-1.8896484375,53,laufbahnplanung und eigenanalyse
13,3239,-1.96875,54,laufbahnplanung und eigenanalyse
13,3621,-2.0390625,55,laufbahnplanung und eigenanalyse
13,5198,-2.044921875,56,laufbahnplanung und eigenanalyse
13,3330,-2.080078125,57,laufbahnplanung und eigenanalyse
13,3098,-2.1015625,58,laufbahnplanung und eigenanalyse
13,5476,-2.16015625,59,laufbahnplanung und eigenanalyse
13,3550,-2.193359375,60,laufbahnplanung und eigenanalyse
13,5413,-2.197265625,61,laufbahnplanung und eigenanalyse
13,2955,-2.203125,62,laufbahnplanung und eigenanalyse
13,3537,-2.20703125,63,laufbahnplanung und eigenanalyse
13,3193,-2.2421875,64,laufbahnplanung und eigenanalyse
13,3061,-2.26953125,65,laufbahnplanung und eigenanalyse
13,4509,-2.310546875,66,laufbahnplanung und eigenanalyse
13,4102,-2.318359375,67,laufbahnplanung und eigenanalyse
13,3631,-2.322265625,68,laufbahnplanung und eigenanalyse
13,4098,-2.36328125,69,laufbahnplanung und eigenanalyse
13,2838,-2.41015625,70,laufbahnplanung und eigenanalyse
13,4792,-2.4140625,71,laufbahnplanung und eigenanalyse
13,3539,-2.462890625,72,laufbahnplanung und eigenanalyse
13,3572,-2.486328125,73,laufbahnplanung und eigenanalyse
13,3096,-2.501953125,74,laufbahnplanung und eigenanalyse
13,4862,-2.625,75,laufbahnplanung und eigenanalyse
13,5567,-2.73046875,76,laufbahnplanung und eigenanalyse
13,3401,-2.751953125,77,laufbahnplanung und eigenanalyse
13,3102,-2.826171875,78,laufbahnplanung und eigenanalyse
13,3189,-2.96875,79,laufbahnplanung und eigenanalyse
13,4734,-2.994140625,80,laufbahnplanung und eigenanalyse
13,4472,-3.103515625,81,laufbahnplanung und eigenanalyse
13,3328,-3.2109375,82,laufbahnplanung und eigenanalyse
13,3324,-3.236328125,83,laufbahnplanung und eigenanalyse
13,3210,-3.248046875,84,laufbahnplanung und eigenanalyse
13,3722,-3.341796875,85,laufbahnplanung und eigenanalyse
13,4975,-3.35546875,86,laufbahnplanung und eigenanalyse
13,4809,-3.373046875,87,laufbahnplanung und eigenanalyse
13,5251,-3.451171875,88,laufbahnplanung und eigenanalyse
13,3014,-3.482421875,89,laufbahnplanung und eigenanalyse
13,4680,-3.486328125,90,laufbahnplanung und eigenanalyse
13,4220,-3.52734375,91,laufbahnplanung und eigenanalyse
13,3060,-3.689453125,92,laufbahnplanung und eigenanalyse
13,3628,-3.763671875,93,laufbahnplanung und eigenanalyse
13,5116,-4.0078125,94,laufbahnplanung und eigenanalyse
13,4108,-4.359375,95,laufbahnplanung und eigenanalyse
13,4520,-4.6171875,96,laufbahnplanung und eigenanalyse
13,3265,-4.765625,97,laufbahnplanung und eigenanalyse
13,3987,-4.859375,98,laufbahnplanung und eigenanalyse
13,3927,-5.0390625,99,laufbahnplanung und eigenanalyse
13,3681,-5.1796875,100,laufbahnplanung und eigenanalyse
14,4714,0.90966796875,1,territoriale grünplanung
14,4870,-0.56640625,2,territoriale grünplanung
14,4438,-0.61474609375,3,territoriale grünplanung
14,2829,-0.83984375,4,territoriale grünplanung
14,3836,-1.025390625,5,territoriale grünplanung
14,2828,-1.0625,6,territoriale grünplanung
14,3104,-1.3779296875,7,territoriale grünplanung
14,2850,-1.5595703125,8,territoriale grünplanung
14,2980,-1.5927734375,9,territoriale grünplanung
14,4057,-1.6376953125,10,territoriale grünplanung
14,5146,-1.6396484375,11,territoriale grünplanung
14,2849,-1.662109375,12,territoriale grünplanung
14,4880,-1.7451171875,13,territoriale grünplanung
14,3198,-1.8837890625,14,territoriale grünplanung
14,3845,-1.955078125,15,territoriale grünplanung
14,4604,-1.95703125,16,territoriale grünplanung
14,4708,-2.0234375,17,territoriale grünplanung
14,5366,-2.02734375,18,territoriale grünplanung
14,2851,-2.095703125,19,territoriale grünplanung
14,4713,-2.1796875,20,territoriale grünplanung
14,3621,-2.216796875,21,territoriale grünplanung
14,3633,-2.412109375,22,territoriale grünplanung
14,4868,-2.421875,23,territoriale grünplanung
14,4657,-2.447265625,24,territoriale grünplanung
14,3757,-2.46875,25,territoriale grünplanung
14,4869,-2.509765625,26,territoriale grünplanung
14,3740,-2.6015625,27,territoriale grünplanung
14,3632,-2.62109375,28,territoriale grünplanung
14,4867,-2.68359375,29,territoriale grünplanung
14,4717,-2.7109375,30,territoriale grünplanung
14,5602,-2.748046875,31,territoriale grünplanung
14,3026,-2.765625,32,territoriale grünplanung
14,3222,-2.771484375,33,territoriale grünplanung
14,3736,-2.79296875,34,territoriale grünplanung
14,2831,-2.798828125,35,territoriale grünplanung
14,4655,-2.830078125,36,territoriale grünplanung
14,3324,-2.892578125,37,territoriale grünplanung
14,4661,-2.9140625,38,territoriale grünplanung
14,3298,-2.9453125,39,territoriale grünplanung
14,3596,-2.962890625,40,territoriale grünplanung
14,3563,-2.98828125,41,territoriale grünplanung
14,3311,-3.0078125,42,territoriale grünplanung
14,4707,-3.095703125,43,territoriale grünplanung
14,3308,-3.12109375,44,territoriale grünplanung
14,3727,-3.193359375,45,territoriale grünplanung
14,3534,-3.201171875,46,territoriale grünplanung
14,3302,-3.21875,47,territoriale grünplanung
14,3337,-3.248046875,48,territoriale grünplanung
14,5465,-3.255859375,49,territoriale grünplanung
14,5452,-3.318359375,50,territoriale grünplanung
14,3148,-3.333984375,51,territoriale grünplanung
14,2840,-3.361328125,52,territoriale grünplanung
14,4862,-3.3984375,53,territoriale grünplanung
14,3303,-3.4765625,54,territoriale grünplanung
14,4321,-3.482421875,55,territoriale grünplanung
14,3299,-3.49609375,56,territoriale grünplanung
14,4715,-3.515625,57,territoriale grünplanung
14,4671,-3.529296875,58,territoriale grünplanung
14,4878,-3.53515625,59,territoriale grünplanung
14,3096,-3.548828125,60,territoriale grünplanung
14,5410,-3.578125,61,territoriale grünplanung
14,2830,-3.59375,62,territoriale grünplanung
14,4709,-3.634765625,63,territoriale grünplanung
14,4319,-3.654296875,64,territoriale grünplanung
14,4932,-3.685546875,65,territoriale grünplanung
14,3139,-3.697265625,66,territoriale grünplanung
14,3330,-3.716796875,67,territoriale grünplanung
14,4930,-3.744140625,68,territoriale grünplanung
14,4704,-3.765625,69,territoriale grünplanung
14,4703,-3.787109375,70,territoriale grünplanung
14,3075,-3.8203125,71,territoriale grünplanung
14,3717,-3.822265625,72,territoriale grünplanung
14,3051,-3.87109375,73,territoriale grünplanung
14,5503,-3.9140625,74,territoriale grünplanung
14,5393,-3.95703125,75,territoriale grünplanung
14,4705,-4.08203125,76,territoriale grünplanung
14,4865,-4.14453125,77,territoriale grünplanung
14,3724,-4.2109375,78,territoriale grünplanung
14,4143,-4.265625,79,territoriale grünplanung
14,4508,-4.296875,80,territoriale grünplanung
14,4439,-4.35546875,81,territoriale grünplanung
14,4623,-4.44140625,82,territoriale grünplanung
14,3368,-4.44140625,83,territoriale grünplanung
14,5455,-4.44140625,84,territoriale grünplanung
14,3191,-4.5390625,85,territoriale grünplanung
14,3572,-4.57421875,86,territoriale grünplanung
14,5253,-4.69921875,87,territoriale grünplanung
14,4497,-4.86328125,88,territoriale grünplanung
14,4539,-4.9140625,89,territoriale grünplanung
14,5167,-4.98828125,90,territoriale grünplanung
14,3102,-5.05859375,91,territoriale grünplanung
14,4872,-5.109375,92,territoriale grünplanung
14,4656,-5.3046875,93,territoriale grünplanung
14,4598,-5.30859375,94,territoriale grünplanung
14,3085,-5.421875,95,territoriale grünplanung
14,5406,-5.56640625,96,territoriale grünplanung
14,3537,-5.921875,97,territoriale grünplanung
14,5555,-6.34765625,98,territoriale grünplanung
14,5383,-6.76171875,99,territoriale grünplanung
14,5514,-7.12109375,100,territoriale grünplanung
